aX,aY,aZ,gX,gY,gZ
-0.553,0.147,0.863,1.648,-8.484,1.892
-0.548,0.141,0.855,2.319,-7.874,1.709
-0.542,0.135,0.848,3.113,-6.714,1.953
-0.534,0.131,0.839,3.845,-6.287,2.197
-0.533,0.126,0.836,3.845,-5.920,2.319
-0.537,0.125,0.836,3.845,-5.676,2.380
-0.543,0.125,0.843,3.357,-5.249,2.136
-0.548,0.125,0.845,2.563,-4.761,1.282
-0.547,0.122,0.841,2.014,-3.967,0.549
-0.544,0.121,0.835,1.648,-3.357,0.122
-0.537,0.118,0.830,1.526,-3.357,0.061
-0.531,0.117,0.825,2.075,-3.235,0.366
-0.531,0.121,0.821,2.380,-3.418,1.160
-0.532,0.127,0.821,2.686,-3.418,2.075
-0.532,0.131,0.818,3.113,-3.479,2.747
-0.529,0.135,0.813,3.723,-3.174,3.113
-0.526,0.137,0.810,3.723,-3.601,3.052
-0.535,0.140,0.811,3.357,-4.150,2.747
-0.534,0.139,0.816,2.747,-4.639,2.197
-0.532,0.136,0.813,2.319,-5.127,1.404
-0.541,0.140,0.813,1.953,-5.188,0.916
-0.545,0.143,0.806,0.977,-5.371,0.061
-0.550,0.143,0.812,0.793,-6.042,-0.427
-0.557,0.143,0.822,1.221,-6.714,-0.671
-0.560,0.147,0.832,1.282,-6.165,-1.038
-0.557,0.143,0.829,0.671,-5.310,-1.648
-0.554,0.145,0.827,0.488,-4.700,-2.014
-0.552,0.142,0.832,1.282,-4.150,-2.136
-0.555,0.143,0.839,1.953,-3.418,-1.770
-0.555,0.141,0.848,3.052,-2.747,-1.160
-0.555,0.147,0.852,3.052,-1.953,-0.183
-0.557,0.156,0.864,3.174,-1.282,0.793
-0.569,0.169,0.887,1.831,-1.099,1.404
-0.584,0.183,0.910,-0.122,-0.671,1.526
-0.617,0.208,0.964,-2.380,0.061,2.930
-0.678,0.250,1.035,-5.798,1.404,5.615
-0.786,0.327,1.114,-12.817,5.981,9.705
-0.961,0.427,1.188,-26.917,14.038,13.794
-1.217,0.644,1.289,-42.664,22.034,26.062
-1.557,0.947,1.549,-44.617,28.015,33.813
-1.948,1.277,1.961,-45.715,40.100,30.945
-2.384,1.531,2.386,-38.940,67.871,10.498
-2.685,1.521,2.758,-23.010,113.281,-27.161
-2.736,1.312,2.877,-11.353,180.908,-73.242
-2.631,0.960,2.610,-5.676,265.991,-113.647
-2.405,0.700,2.281,-1.404,339.294,-136.230
-2.228,0.597,2.118,7.507,394.531,-145.508
-2.069,0.496,1.880,23.621,444.885,-151.367
-1.879,0.397,1.494,37.170,485.901,-156.372
-1.721,0.285,1.128,53.833,504.089,-158.936
-1.592,0.160,0.846,85.022,503.052,-158.447
-1.487,0.048,0.655,124.817,499.756,-152.710
-1.568,-0.024,0.645,161.072,507.629,-146.973
-1.601,-0.248,0.462,187.012,537.781,-147.644
-1.552,-0.471,0.066,183.044,576.416,-148.865
-1.403,-0.744,-0.260,154.236,602.783,-150.940
-1.118,-1.044,-0.547,109.436,609.924,-159.119
-0.786,-1.253,-0.868,53.284,599.182,-161.621
-0.382,-1.415,-1.172,3.540,565.857,-146.606
0.025,-1.443,-1.352,-31.982,513.428,-116.760
0.339,-1.315,-1.420,-50.659,452.148,-75.439
0.510,-1.101,-1.421,-64.819,388.794,-35.828
0.564,-0.895,-1.299,-81.970,326.355,-8.545
0.591,-0.704,-1.131,-100.098,272.827,7.019
0.614,-0.561,-1.037,-115.051,232.910,16.968
0.635,-0.490,-0.949,-122.437,199.158,23.743
0.724,-0.370,-0.861,-123.413,169.556,30.762
0.813,-0.219,-0.840,-126.038,145.813,35.889
0.891,-0.086,-0.845,-123.596,127.075,34.485
0.944,0.003,-0.824,-113.403,109.375,29.114
0.972,0.056,-0.781,-99.915,93.445,20.264
0.980,0.071,-0.731,-83.069,77.393,10.925
1.010,0.047,-0.647,-63.538,60.974,3.784
1.052,0.009,-0.566,-46.143,46.082,-1.160
1.078,-0.022,-0.508,-31.555,33.325,-2.625
1.098,-0.051,-0.427,-18.982,21.240,-0.671
1.078,-0.074,-0.333,-11.414,10.986,2.258
1.027,-0.072,-0.236,-9.705,4.456,4.822
0.989,-0.060,-0.152,-9.827,0.122,7.446
0.962,-0.043,-0.119,-10.803,-1.343,10.193
0.955,-0.011,-0.112,-10.010,-1.770,13.123
0.947,0.018,-0.110,-7.446,-2.686,15.808
0.958,0.043,-0.109,-4.639,-3.784,17.578
0.964,0.068,-0.115,-2.930,-5.249,18.188
0.957,0.087,-0.097,-1.343,-8.057,18.433
0.942,0.101,-0.073,0.305,-10.986,18.372
0.932,0.111,-0.057,1.770,-12.756,18.066
0.935,0.116,-0.042,2.991,-14.587,17.822
0.944,0.115,-0.020,3.235,-17.578,17.456
0.950,0.114,0.005,3.174,-20.813,17.395
0.953,0.114,0.046,2.808,-24.414,17.822
0.947,0.113,0.100,1.587,-27.649,18.005
0.930,0.126,0.154,-0.977,-29.663,17.456
0.922,0.150,0.197,-2.563,-30.334,16.785
0.924,0.163,0.219,-1.404,-30.396,15.991
0.937,0.164,0.232,0.549,-31.433,14.099
0.946,0.165,0.238,2.075,-33.203,12.268
0.946,0.158,0.265,5.066,-34.973,10.681
0.939,0.149,0.303,8.667,-36.926,9.583
0.927,0.143,0.336,11.841,-37.598,8.179
0.917,0.130,0.357,14.282,-36.621,6.470
0.922,0.108,0.367,16.418,-34.668,4.639
0.925,0.089,0.382,16.663,-33.081,3.235
0.924,0.074,0.396,15.259,-30.457,1.709
0.932,0.051,0.404,14.099,-27.527,0.793
0.946,0.033,0.398,12.573,-25.024,0.854
0.959,0.021,0.384,10.376,-23.804,1.953
0.965,0.017,0.369,8.423,-23.926,3.784
0.958,0.022,0.368,7.324,-25.208,5.798
0.944,0.036,0.388,6.531,-26.245,7.507
0.923,0.055,0.407,4.822,-24.719,8.057
0.901,0.067,0.415,3.601,-20.813,7.446
0.893,0.068,0.407,2.808,-15.686,6.042
0.899,0.065,0.379,1.587,-11.230,4.761
0.914,0.068,0.350,0.488,-8.545,4.211
0.929,0.073,0.327,-0.183,-7.324,4.150
0.940,0.081,0.309,-1.160,-6.958,4.211
0.943,0.091,0.297,-1.648,-7.324,4.089
0.942,0.100,0.280,-0.732,-7.751,4.089

-0.608,0.065,0.763,0.977,-2.258,3.479
-0.614,0.069,0.775,1.099,-1.709,3.540
-0.622,0.068,0.781,1.648,0.244,3.662
-0.626,0.068,0.793,1.038,1.160,3.418
-0.632,0.076,0.799,0.061,1.709,3.113
-0.637,0.078,0.794,0.183,2.441,2.930
-0.630,0.084,0.787,-0.305,3.662,2.686
-0.625,0.091,0.776,-1.404,4.333,2.258
-0.620,0.092,0.766,-0.977,4.028,2.502
-0.616,0.092,0.758,0.916,4.150,2.991
-0.612,0.093,0.758,3.174,3.479,3.662
-0.612,0.094,0.764,4.883,3.235,4.272
-0.613,0.097,0.771,4.761,2.319,4.456
-0.614,0.098,0.769,3.723,0.977,4.150
-0.613,0.098,0.767,2.869,-0.427,3.601
-0.612,0.094,0.766,2.930,-1.282,3.113
-0.612,0.088,0.764,2.991,0.549,2.380
-0.612,0.080,0.770,1.892,2.014,1.099
-0.617,0.078,0.783,-0.977,1.404,0.183
-0.622,0.079,0.787,-2.625,0.671,-0.244
-0.616,0.079,0.781,-2.380,1.709,-0.305
-0.609,0.076,0.776,-1.038,4.639,-0.244
-0.601,0.069,0.773,-1.221,3.174,0.000
-0.599,0.063,0.775,0.549,4.089,1.343
-0.601,0.064,0.771,0.671,3.235,2.502
-0.603,0.073,0.766,1.770,1.953,4.395
-0.605,0.086,0.766,1.770,0.610,5.066
-0.615,0.102,0.767,1.953,0.305,5.310
-0.618,0.109,0.775,0.732,-2.747,4.761
-0.626,0.115,0.779,1.160,-2.380,4.272
-0.636,0.120,0.783,-0.305,-3.174,3.418
-0.649,0.132,0.799,0.122,-4.395,3.296
-0.677,0.147,0.827,1.099,-3.113,3.113
-0.725,0.155,0.858,-0.122,-4.517,2.380
-0.784,0.192,0.913,0.183,-4.272,3.296
-0.904,0.259,1.012,5.005,-0.305,6.653
-1.099,0.356,1.172,6.470,8.301,8.789
-1.332,0.482,1.307,-1.526,19.287,6.531
-1.640,0.637,1.550,-2.563,28.015,4.578
-1.969,0.812,1.958,-1.770,47.974,-4.822
-2.241,0.930,2.273,-5.859,85.144,-23.560
-2.486,0.955,2.479,-16.968,136.841,-49.622
-2.715,0.979,2.629,-34.729,198.853,-79.346
-2.739,0.804,2.714,-41.809,264.709,-112.061
-2.751,0.609,2.679,-55.725,341.125,-148.682
-2.667,0.457,2.457,-65.491,418.640,-169.434
-2.577,0.356,2.131,-77.271,482.117,-181.030
-2.434,0.298,1.895,-87.402,518.127,-191.711
-2.353,0.358,1.911,-89.172,533.203,-201.416
-2.279,0.333,1.851,-82.947,554.993,-216.736
-2.189,0.216,1.567,-74.646,581.543,-235.596
-2.058,0.076,1.228,-62.439,595.581,-249.451
-1.946,-0.074,0.936,-46.387,597.168,-258.484
-1.798,-0.252,0.584,-25.330,593.811,-263.245
-1.588,-0.454,0.180,0.977,585.266,-258.606
-1.391,-0.707,-0.190,26.245,569.214,-248.779
-1.163,-0.977,-0.421,42.664,547.302,-236.938
-0.979,-1.208,-0.606,42.847,526.001,-219.910
-0.824,-1.351,-0.813,31.006,508.545,-196.289
-0.626,-1.556,-1.052,22.400,489.624,-162.292
-0.385,-1.601,-1.292,-2.502,461.548,-131.775
-0.129,-1.572,-1.516,-39.307,423.889,-103.271
0.090,-1.483,-1.682,-70.679,374.329,-71.960
0.292,-1.327,-1.768,-95.215,315.857,-39.795
0.492,-1.145,-1.800,-117.737,254.883,-12.512
0.683,-0.943,-1.777,-139.282,195.496,8.728
0.845,-0.749,-1.672,-154.358,141.663,23.315
0.949,-0.564,-1.555,-162.048,100.037,34.363
0.988,-0.344,-1.423,-164.307,68.420,42.480
0.977,-0.142,-1.304,-156.372,45.349,45.898
0.920,-0.012,-1.176,-138.611,27.649,44.495
0.882,0.055,-1.034,-116.821,12.573,39.124
0.857,0.097,-0.924,-95.032,2.319,33.020
0.856,0.119,-0.858,-74.097,-3.052,27.954
0.885,0.124,-0.812,-54.749,-7.690,23.376
0.927,0.136,-0.755,-36.377,-11.292,19.531
0.995,0.140,-0.697,-18.494,-16.113,17.395
1.026,0.161,-0.640,-4.517,-21.729,16.296
1.038,0.171,-0.563,9.155,-28.137,14.709
1.020,0.171,-0.456,20.325,-35.156,12.146
0.987,0.170,-0.349,28.381,-40.955,9.888
0.954,0.177,-0.252,34.363,-46.021,8.545
0.921,0.190,-0.152,39.246,-48.462,7.324
0.903,0.191,-0.062,42.480,-47.363,5.127
0.892,0.189,-0.005,44.250,-43.335,2.075
0.902,0.179,0.041,46.265,-39.368,0.183
0.921,0.157,0.088,46.326,-36.682,-1.770
0.944,0.137,0.128,43.640,-34.607,-3.174
0.962,0.132,0.165,38.879,-34.180,-3.235
0.953,0.101,0.174,33.081,-35.217,-2.258
0.963,0.133,0.227,31.982,-37.903,12.024
0.962,0.089,0.287,40.161,-40.588,25.146
0.935,0.193,0.372,22.461,-39.429,9.827
0.908,0.157,0.389,19.287,-34.973,10.071
0.904,0.166,0.398,21.423,-29.541,8.484
0.906,0.161,0.387,19.714,-24.963,5.432
0.917,0.153,0.360,22.949,-20.874,4.883
0.932,0.150,0.324,26.428,-17.822,4.089
0.952,0.131,0.293,29.419,-16.846,2.991
0.968,0.104,0.270,31.128,-17.517,2.014
0.971,0.091,0.253,31.433,-19.287,1.282
0.973,0.075,0.269,31.494,-22.400,1.038
0.967,0.059,0.301,29.236,-24.780,1.099
0.952,0.049,0.325,26.001,-24.780,2.014
0.933,0.047,0.346,22.583,-22.827,3.357
0.915,0.045,0.355,17.944,-20.020,3.723
0.906,0.041,0.355,12.878,-16.968,3.845
0.911,0.040,0.349,8.240,-14.893,4.456
0.926,0.052,0.332,4.883,-13.794,5.676
0.945,0.070,0.314,2.197,-13.916,6.653
0.958,0.088,0.301,0.671,-14.893,7.568
0.960,0.102,0.305,0.000,-15.808,8.545
0.949,0.115,0.310,-0.427,-16.296,9.155
0.943,0.124,0.310,-0.122,-15.381,9.216
0.934,0.132,0.309,0.671,-14.099,8.667
0.925,0.133,0.294,1.892,-12.695,7.690
0.921,0.125,0.279,3.662,-12.268,7.019
0.917,0.127,0.284,5.615,-12.634,6.836
0.915,0.127,0.290,6.165,-13.062,6.226

-0.543,0.217,0.779,-2.014,-7.690,-0.366
-0.546,0.218,0.778,-2.625,-9.155,0.122
-0.551,0.220,0.790,-1.282,-8.972,1.343
-0.559,0.222,0.798,-0.366,-7.751,1.770
-0.564,0.219,0.802,0.854,-5.798,2.563
-0.567,0.224,0.811,0.916,-4.639,3.113
-0.569,0.223,0.811,0.732,-2.686,2.625
-0.574,0.216,0.798,0.366,-1.770,2.197
-0.569,0.213,0.788,0.122,-2.136,1.770
-0.569,0.220,0.793,-0.183,-3.906,2.258
-0.574,0.227,0.797,-0.427,-2.869,2.197
-0.576,0.234,0.800,-1.648,-4.883,2.380
-0.583,0.239,0.810,0.000,-3.174,2.441
-0.587,0.238,0.820,0.427,-3.601,2.441
-0.586,0.231,0.822,1.587,-0.427,2.808
-0.581,0.230,0.812,1.404,-0.671,3.235
-0.573,0.230,0.801,3.357,2.441,4.272
-0.568,0.233,0.791,2.869,3.662,4.150
-0.566,0.239,0.784,1.099,0.916,3.967
-0.568,0.249,0.784,1.465,2.441,3.967
-0.572,0.255,0.788,0.244,1.587,3.296
-0.578,0.258,0.794,0.549,1.587,3.052
-0.578,0.254,0.792,1.404,3.296,2.319
-0.569,0.247,0.790,0.732,1.282,1.770
-0.566,0.235,0.790,1.648,3.540,1.526
-0.565,0.225,0.790,-0.122,2.930,1.221
-0.566,0.217,0.802,-0.427,2.258,1.709
-0.571,0.215,0.811,-0.671,3.540,2.136
-0.577,0.216,0.815,-1.831,2.197,2.808
-0.586,0.226,0.819,-1.587,4.578,3.601
-0.599,0.254,0.829,-3.235,4.028,4.395
-0.612,0.282,0.832,-4.639,4.395,4.517
-0.632,0.324,0.854,-4.944,4.700,3.906
-0.666,0.352,0.878,-6.531,2.991,2.197
-0.725,0.373,0.935,-8.301,2.563,1.221
-0.793,0.409,1.004,-12.390,3.906,0.122
-0.895,0.498,1.062,-15.564,5.188,1.770
-1.054,0.564,1.179,-12.390,9.827,4.822
-1.305,0.716,1.408,-14.893,14.221,8.118
-1.580,0.979,1.711,-19.897,30.457,11.169
-1.895,1.230,1.990,-14.709,58.228,12.146
-2.132,1.397,2.187,-2.075,94.177,4.578
-2.252,1.439,2.281,9.460,133.301,-11.658
-2.322,1.425,2.300,11.780,173.645,-34.607
-2.377,1.332,2.308,11.353,218.079,-63.416
-2.430,1.196,2.352,12.085,261.963,-93.323
-2.486,1.029,2.366,12.817,311.218,-120.605
-2.513,0.816,2.260,9.460,365.967,-145.874
-2.500,0.669,2.122,-1.404,420.166,-170.288
-2.492,0.508,1.945,-13.611,470.459,-194.763
-2.439,0.332,1.795,-25.818,509.521,-219.482
-2.373,0.172,1.555,-32.593,541.565,-239.258
-2.235,-0.004,1.182,-26.550,567.383,-252.747
-2.110,-0.151,0.777,-8.423,578.186,-257.507
-1.936,-0.288,0.431,22.095,574.890,-251.709
-1.723,-0.474,0.090,55.298,567.261,-242.432
-1.572,-0.694,-0.257,81.665,559.631,-230.774
-1.406,-0.880,-0.531,97.351,550.537,-214.783
-1.205,-1.022,-0.784,101.501,542.847,-201.599
-1.050,-1.104,-1.026,94.910,532.288,-185.364
-0.852,-1.180,-1.207,86.121,512.573,-163.696
-0.622,-1.205,-1.364,72.510,485.291,-139.709
-0.368,-1.146,-1.513,54.810,456.116,-111.877
-0.029,-1.095,-1.715,34.485,422.791,-85.388
0.309,-1.049,-1.931,10.986,383.728,-62.012
0.609,-0.984,-2.081,-17.334,334.106,-43.213
0.868,-0.880,-2.139,-49.255,272.461,-26.855
1.032,-0.753,-2.038,-78.064,204.895,-10.864
1.073,-0.602,-1.836,-102.112,144.409,2.197
1.000,-0.460,-1.652,-114.685,100.220,15.503
0.933,-0.312,-1.469,-112.915,67.017,27.710
0.885,-0.178,-1.277,-105.347,41.443,34.241
0.871,-0.075,-1.146,-98.633,25.452,34.790
0.870,-0.002,-1.068,-87.341,15.747,32.104
0.902,0.055,-0.980,-71.655,7.812,29.114
0.930,0.080,-0.898,-53.833,2.625,25.208
0.989,0.083,-0.842,-40.649,-1.160,17.700
1.032,0.057,-0.796,-26.245,-6.042,11.841
1.036,0.030,-0.733,-12.634,-13.428,8.301
1.051,0.001,-0.631,-0.549,-23.560,7.080
1.050,-0.028,-0.535,10.010,-34.180,8.118
1.042,-0.024,-0.417,17.456,-44.861,10.010
1.001,-0.019,-0.268,22.827,-53.894,12.512
0.952,-0.005,-0.115,23.132,-58.655,13.306
0.922,0.011,0.021,21.301,-57.739,12.451
0.923,0.019,0.103,18.433,-52.734,11.414
0.932,0.026,0.150,15.747,-47.241,10.315
0.944,0.045,0.172,13.489,-42.908,10.498
0.961,0.063,0.196,11.414,-40.588,11.169
0.980,0.077,0.227,9.766,-40.833,12.024
0.976,0.104,0.261,6.592,-41.504,13.489
0.961,0.129,0.308,5.127,-40.771,14.587
0.935,0.138,0.312,3.052,-37.842,15.564
0.941,0.244,0.315,1.770,-34.485,15.259
0.903,0.158,0.281,11.597,-33.691,31.982
0.912,0.248,0.311,14.587,-32.166,22.522
0.898,0.265,0.308,11.780,-26.611,13.123
0.900,0.241,0.300,17.822,-21.729,10.864
0.915,0.210,0.294,21.362,-17.273,4.639
0.928,0.170,0.277,24.353,-13.123,-0.610
0.947,0.122,0.261,26.917,-10.498,-2.747
0.956,0.085,0.245,26.672,-9.888,-4.700
0.966,0.054,0.236,26.123,-11.047,-5.371
0.967,0.039,0.237,25.269,-12.817,-4.822
0.959,0.036,0.245,24.475,-13.733,-3.967
0.959,0.030,0.239,23.193,-13.245,-3.845
0.956,0.017,0.233,21.362,-12.268,-4.211
0.960,0.002,0.229,18.921,-11.780,-4.761
0.966,-0.016,0.226,15.381,-11.169,-5.188
0.969,-0.031,0.236,11.230,-10.681,-5.249
0.973,-0.039,0.234,6.897,-9.644,-5.249
0.977,-0.034,0.223,4.211,-8.972,-3.906
0.983,-0.016,0.209,2.625,-9.216,-1.709
0.988,-0.004,0.192,2.869,-9.766,0.122
0.987,0.008,0.177,3.662,-11.536,2.014
0.983,0.022,0.173,4.517,-13.916,4.028
0.976,0.034,0.179,6.958,-15.869,5.493
0.967,0.039,0.187,9.094,-17.578,6.348
0.962,0.039,0.206,11.108,-18.005,6.409

-0.638,0.198,0.756,0.488,0.427,-1.221
-0.638,0.207,0.751,1.831,2.380,-1.282
-0.638,0.208,0.746,0.916,0.916,-1.587
-0.633,0.202,0.744,-0.671,-1.343,-2.808
-0.630,0.198,0.746,-1.953,-0.977,-4.211
-0.629,0.202,0.755,-1.953,0.061,-4.700
-0.633,0.201,0.762,-4.333,-2.075,-5.493
-0.632,0.200,0.764,-6.348,-2.075,-7.019
-0.631,0.207,0.768,-6.897,0.244,-7.507
-0.634,0.215,0.764,-8.484,-0.793,-8.057
-0.635,0.216,0.757,-10.498,-2.563,-9.338
-0.632,0.216,0.753,-12.207,-3.540,-10.742
-0.634,0.216,0.749,-12.756,-2.991,-11.230
-0.634,0.212,0.752,-10.864,-0.916,-11.169
-0.635,0.212,0.758,-9.399,-0.732,-10.071
-0.637,0.215,0.756,-8.850,-1.526,-8.789
-0.634,0.220,0.757,-8.179,-1.892,-7.751
-0.632,0.226,0.758,-7.019,0.061,-6.531
-0.630,0.225,0.752,-5.188,2.563,-5.371
-0.624,0.222,0.742,-3.235,4.211,-4.028
-0.615,0.224,0.729,-1.282,4.822,-2.502
-0.609,0.227,0.724,1.038,5.920,-0.916
-0.608,0.232,0.722,3.113,5.859,0.549
-0.602,0.238,0.719,4.150,4.944,1.221
-0.603,0.236,0.719,4.639,3.906,1.404
-0.604,0.238,0.720,3.174,1.343,0.671
-0.601,0.232,0.727,1.282,-1.587,-0.183
-0.608,0.236,0.735,-0.122,-2.258,-0.854
-0.611,0.230,0.746,-0.061,-0.793,-1.099
-0.620,0.230,0.755,0.061,0.000,-0.977
-0.629,0.234,0.753,0.183,1.465,-0.061
-0.641,0.250,0.758,1.953,3.540,1.526
-0.669,0.277,0.766,3.784,4.761,3.662
-0.710,0.308,0.777,5.920,5.188,5.859
-0.754,0.344,0.798,7.812,4.333,8.911
-0.839,0.403,0.846,10.803,2.747,13.733
-0.985,0.480,0.958,17.212,4.150,20.996
-1.258,0.599,1.127,22.034,13.428,28.503
-1.614,0.823,1.360,25.879,33.691,38.574
-2.128,1.019,1.680,39.063,53.467,48.767
-2.456,1.454,2.217,53.833,78.186,46.753
-2.870,1.766,2.762,80.566,123.108,44.312
-3.089,1.859,3.030,98.938,196.594,18.005
-3.178,1.625,2.976,95.825,282.654,-26.733
-3.138,1.292,2.709,73.730,366.943,-84.961
-3.007,0.868,2.312,49.255,436.340,-136.719
-2.769,0.443,1.837,32.410,484.253,-171.997
-2.474,0.120,1.406,26.550,507.202,-187.317
-2.226,-0.032,1.172,28.137,506.592,-187.317
-2.040,-0.130,1.040,24.414,510.742,-190.186
-1.895,-0.355,0.825,13.672,522.644,-201.904
-1.754,-0.517,0.567,-1.892,534.241,-210.571
-1.660,-0.657,0.331,-10.437,540.527,-214.722
-1.542,-0.769,0.106,-10.986,544.617,-214.661
-1.404,-0.914,-0.097,-5.066,547.180,-210.449
-1.226,-1.037,-0.323,4.395,549.194,-200.623
-1.003,-1.063,-0.570,11.963,548.279,-183.472
-0.755,-1.044,-0.819,21.057,540.222,-163.086
-0.597,-1.027,-0.944,29.907,519.470,-142.029
-0.383,-1.073,-0.968,23.865,490.540,-127.991
-0.104,-1.151,-1.053,-0.854,466.064,-120.361
0.159,-1.236,-1.239,-25.818,445.251,-104.736
0.452,-1.274,-1.388,-42.603,411.377,-80.444
0.650,-1.226,-1.462,-67.749,365.845,-55.847
0.731,-1.109,-1.488,-101.868,312.866,-33.020
0.763,-0.945,-1.449,-128.967,256.775,-12.695
0.775,-0.742,-1.355,-143.982,206.055,6.226
0.753,-0.543,-1.239,-147.461,164.368,21.545
0.740,-0.390,-1.111,-144.470,134.216,31.616
0.739,-0.210,-0.998,-139.709,114.685,36.804
0.758,-0.046,-0.951,-133.118,103.943,35.767
0.813,0.068,-0.941,-122.131,96.558,28.748
0.893,0.113,-0.958,-105.774,87.524,18.860
0.970,0.128,-0.978,-84.595,75.256,11.475
1.038,0.139,-0.965,-62.683,59.814,5.859
1.071,0.114,-0.887,-40.283,42.236,1.709
1.061,0.079,-0.787,-19.836,25.940,-1.099
1.053,0.051,-0.677,-1.770,11.230,-0.793
1.049,0.020,-0.558,13.306,-2.319,0.061
1.036,0.002,-0.452,23.621,-13.611,1.221
1.019,-0.003,-0.330,29.724,-23.254,2.869
0.986,0.010,-0.222,31.189,-29.724,2.991
0.939,0.018,-0.116,32.471,-32.349,2.319
0.893,0.022,-0.043,33.691,-31.006,1.526
0.873,0.031,0.011,34.790,-27.344,1.282
0.893,0.034,0.023,34.668,-22.400,0.610
0.933,0.042,0.007,32.410,-17.883,0.488
0.973,0.049,-0.015,29.724,-15.381,0.427
1.008,0.050,-0.030,27.466,-15.381,0.610
1.036,0.044,-0.029,26.001,-18.677,1.099
1.036,0.064,-0.021,23.499,-24.597,3.052
1.001,0.030,0.024,24.231,-30.945,15.869
0.970,0.071,0.106,25.391,-35.278,20.569
0.954,0.113,0.166,15.808,-35.339,10.986
0.925,0.099,0.201,14.893,-33.447,12.268
0.909,0.110,0.235,12.695,-30.518,8.911
0.905,0.105,0.241,9.155,-26.306,5.493
0.917,0.103,0.227,9.521,-22.034,3.967
0.945,0.100,0.192,9.644,-19.043,2.502
0.981,0.094,0.160,11.230,-17.578,1.526
1.006,0.087,0.149,13.306,-17.883,1.282
1.021,0.073,0.153,14.221,-19.348,0.427
1.021,0.047,0.176,15.137,-21.240,0.000
1.002,0.028,0.217,14.954,-23.132,0.549
0.981,0.015,0.252,13.916,-23.743,1.221
0.962,0.002,0.275,13.550,-23.254,2.136
0.947,-0.003,0.288,11.841,-21.362,2.686
0.932,-0.004,0.298,9.277,-18.433,2.991
0.934,-0.000,0.288,6.714,-14.709,3.174
0.949,0.005,0.260,4.822,-11.414,3.479
0.969,0.006,0.242,3.052,-9.460,3.174
0.974,0.011,0.233,0.977,-8.484,3.418
0.977,0.016,0.218,-0.549,-7.324,3.601
0.979,0.017,0.200,-1.038,-6.470,3.784
0.985,0.015,0.180,-0.916,-7.019,4.700
0.986,0.016,0.157,-0.793,-8.667,5.554
0.988,0.026,0.155,0.305,-11.414,6.592
0.979,0.036,0.175,1.587,-14.587,8.057
0.968,0.048,0.193,2.747,-15.381,8.789

-0.623,0.293,0.754,5.371,0.000,3.235
-0.624,0.288,0.758,4.333,-2.380,2.686
-0.621,0.285,0.758,4.761,-2.380,2.380
-0.619,0.279,0.759,5.859,-0.305,1.831
-0.618,0.272,0.763,5.737,1.526,0.671
-0.611,0.260,0.757,4.517,0.549,-0.061
-0.600,0.248,0.746,5.127,2.319,-0.183
-0.591,0.242,0.736,4.517,2.197,-0.305
-0.582,0.234,0.732,4.639,1.587,-0.183
-0.574,0.231,0.729,5.249,0.732,1.038
-0.571,0.232,0.729,5.127,-0.366,1.953
-0.577,0.230,0.742,5.554,-1.038,2.502
-0.581,0.225,0.759,5.554,-0.732,2.747
-0.585,0.224,0.766,4.700,-0.305,2.869
-0.593,0.217,0.775,4.150,1.343,2.930
-0.595,0.214,0.782,3.784,2.625,2.747
-0.592,0.209,0.779,2.502,4.089,2.808
-0.584,0.211,0.763,2.747,7.019,3.906
-0.575,0.219,0.743,1.892,7.263,5.005
-0.567,0.225,0.729,2.686,7.874,6.104
-0.565,0.235,0.722,1.648,4.822,6.836
-0.570,0.248,0.724,2.563,4.578,7.568
-0.579,0.256,0.727,1.343,2.319,7.202
-0.585,0.266,0.727,1.465,-0.122,7.263
-0.595,0.272,0.732,1.831,-0.244,6.775
-0.601,0.282,0.736,0.732,-3.479,6.531
-0.615,0.293,0.741,1.831,-2.197,6.653
-0.632,0.305,0.755,0.916,-3.113,5.676
-0.649,0.312,0.771,0.427,-4.883,5.005
-0.660,0.318,0.784,1.770,-3.235,4.395
-0.667,0.321,0.790,2.747,-0.305,3.540
-0.673,0.325,0.790,1.648,-1.648,2.563
-0.686,0.335,0.797,2.930,0.061,2.686
-0.716,0.358,0.823,5.005,2.319,3.296
-0.770,0.395,0.870,7.690,2.136,5.676
-0.873,0.453,0.946,11.536,2.380,9.033
-1.008,0.523,1.055,18.250,6.592,14.099
-1.197,0.589,1.213,29.724,15.869,21.667
-1.406,0.687,1.394,41.443,28.503,31.372
-1.662,0.881,1.646,54.321,45.715,40.955
-1.955,1.007,1.930,65.369,72.815,43.945
-2.229,1.117,2.264,72.388,113.220,35.461
-2.448,1.176,2.450,61.523,165.100,15.686
-2.532,1.122,2.501,42.725,227.478,-14.282
-2.505,0.981,2.419,20.447,286.987,-51.758
-2.483,0.831,2.239,1.282,340.698,-88.135
-2.446,0.672,2.158,-11.047,380.554,-120.911
-2.491,0.548,2.153,-26.489,411.865,-149.536
-2.532,0.442,2.121,-40.344,444.031,-175.415
-2.583,0.275,2.042,-51.697,479.980,-198.975
-2.610,0.161,1.920,-64.636,517.212,-219.055
-2.571,0.070,1.651,-75.012,560.059,-234.314
-2.438,-0.025,1.196,-73.853,600.342,-247.620
-2.220,-0.087,0.792,-55.481,621.216,-255.920
-2.042,-0.219,0.399,-20.447,628.967,-257.080
-1.774,-0.309,0.007,20.874,629.639,-248.291
-1.534,-0.328,-0.324,60.974,630.432,-231.079
-1.335,-0.368,-0.646,95.886,625.977,-214.539
-1.116,-0.650,-0.895,120.605,608.459,-200.439
-0.921,-1.100,-1.055,114.929,577.576,-197.510
-0.783,-1.487,-1.169,77.881,537.964,-191.345
-0.596,-1.706,-1.279,33.081,493.530,-166.504
-0.366,-1.712,-1.421,-7.446,447.021,-125.183
-0.139,-1.557,-1.581,-42.542,398.926,-79.224
0.058,-1.314,-1.690,-75.928,350.525,-41.748
0.253,-1.062,-1.796,-102.783,303.894,-16.541
0.457,-0.830,-1.865,-122.681,256.653,0.061
0.681,-0.609,-1.893,-138.733,210.999,8.362
0.857,-0.449,-1.877,-143.677,167.786,12.573
0.954,-0.318,-1.820,-137.024,128.113,17.822
0.976,-0.176,-1.740,-121.887,95.276,23.682
0.942,-0.025,-1.649,-101.563,62.622,28.381
0.912,0.097,-1.529,-72.266,35.828,30.334
0.887,0.180,-1.317,-44.006,11.902,27.222
0.859,0.199,-1.134,-21.729,-1.465,18.066
0.831,0.166,-1.029,-2.747,-4.700,7.080
0.857,0.113,-0.968,15.625,-6.897,-1.831
0.940,0.052,-0.913,30.457,-12.695,-6.897
0.997,0.010,-0.867,38.757,-21.606,-9.277
1.009,-0.017,-0.817,44.556,-30.945,-10.620
1.011,-0.046,-0.745,51.147,-42.175,-10.742
1.020,-0.075,-0.658,56.091,-54.504,-9.888
1.017,-0.091,-0.548,59.021,-68.054,-7.629
0.990,-0.083,-0.394,60.852,-81.604,-4.883
0.926,-0.065,-0.189,65.674,-89.172,-3.235
0.860,-0.053,-0.016,67.932,-86.609,-3.601
0.841,-0.067,0.075,65.735,-78.064,-5.432
0.883,-0.052,0.142,62.195,-66.040,-9.644
0.944,-0.082,0.192,60.852,-56.213,-9.155
0.999,-0.096,0.218,52.979,-53.223,-6.348
1.021,-0.086,0.220,40.710,-53.162,-4.578
1.023,-0.078,0.231,33.630,-53.467,-2.136
1.001,-0.056,0.262,30.212,-53.711,2.136
0.975,-0.034,0.292,28.076,-53.162,5.676
0.948,-0.022,0.320,27.405,-50.476,7.141
0.939,-0.011,0.324,25.757,-46.326,7.019
0.952,-0.014,0.312,24.658,-41.626,6.714
0.950,-0.021,0.313,23.682,-37.537,5.798
0.940,-0.035,0.316,23.132,-33.936,4.272
0.924,-0.042,0.308,22.095,-29.724,3.235
0.901,-0.020,0.294,22.400,-24.841,5.005
0.907,-0.041,0.272,27.161,-20.386,9.155
0.931,-0.021,0.250,23.132,-15.564,2.991
0.960,-0.037,0.195,20.142,-11.353,0.488
0.992,-0.058,0.156,20.935,-10.132,0.916
1.012,-0.075,0.142,19.165,-12.268,0.732
1.012,-0.083,0.146,16.663,-14.771,0.977
0.998,-0.080,0.175,13.916,-19.165,2.319
0.974,-0.068,0.200,10.254,-21.790,3.235
0.960,-0.057,0.214,8.179,-22.644,4.700
0.951,-0.049,0.236,7.324,-23.315,5.981
0.946,-0.039,0.260,5.798,-22.888,5.798
0.945,-0.040,0.274,4.822,-21.484,5.432
0.947,-0.050,0.285,3.479,-19.287,4.700
0.944,-0.051,0.295,1.038,-17.212,4.517
0.947,-0.044,0.289,-1.282,-15.137,4.700
0.958,-0.031,0.266,-2.014,-13.123,5.432
0.969,-0.016,0.239,-1.282,-12.024,6.409
0.976,-0.002,0.221,0.977,-11.719,7.446

-0.479,0.493,0.836,0.977,-9.521,9.399
-0.479,0.495,0.829,1.343,-8.179,7.935
-0.475,0.485,0.814,1.953,-6.592,6.531
-0.466,0.472,0.807,1.953,-5.310,5.493
-0.457,0.462,0.793,1.282,-4.333,4.333
-0.449,0.446,0.779,0.610,-3.784,3.235
-0.443,0.442,0.771,-0.549,-5.310,2.441
-0.438,0.442,0.766,-0.854,-6.226,2.075
-0.436,0.447,0.761,-0.916,-6.348,1.648
-0.434,0.448,0.764,0.671,-5.188,0.977
-0.431,0.440,0.762,1.892,-5.371,0.854
-0.428,0.429,0.763,0.732,-7.385,-0.061
-0.424,0.414,0.763,-0.244,-7.874,-0.916
-0.430,0.412,0.781,0.977,-5.798,-0.793
-0.462,0.421,0.828,2.563,-3.845,-0.671
-0.461,0.422,0.848,2.258,-0.732,-0.977
-0.467,0.429,0.841,2.319,3.418,-1.160
-0.457,0.439,0.808,2.869,7.446,-1.343
-0.443,0.435,0.783,3.540,10.010,-2.441
-0.435,0.430,0.779,1.709,6.531,-3.723
-0.432,0.431,0.785,2.014,2.502,-3.662
-0.436,0.434,0.793,3.479,2.869,-2.991
-0.438,0.429,0.792,2.869,0.793,-2.502
-0.436,0.425,0.792,4.883,0.793,-0.916
-0.440,0.436,0.791,4.456,0.549,0.061
-0.439,0.451,0.783,4.150,-0.916,0.977
-0.438,0.461,0.776,5.798,1.465,1.587
-0.441,0.469,0.774,4.639,1.892,0.732
-0.446,0.470,0.779,2.319,-0.061,-0.549
-0.446,0.461,0.785,0.366,-1.282,-2.014
-0.440,0.452,0.783,-0.488,-1.099,-2.502
-0.447,0.443,0.776,0.732,1.221,-1.892
-0.462,0.461,0.775,0.671,-1.099,-0.977
-0.482,0.509,0.796,2.625,-4.211,1.160
-0.524,0.569,0.830,5.188,-5.737,2.930
-0.578,0.643,0.883,7.568,-6.287,3.845
-0.687,0.769,0.981,9.888,-5.371,4.822
-0.868,0.958,1.110,14.038,-0.122,6.287
-1.111,1.272,1.306,19.714,7.141,7.935
-1.352,1.647,1.627,34.851,17.517,6.714
-1.637,1.876,1.909,53.406,38.818,-4.089
-1.800,1.921,2.109,61.951,66.895,-25.818
-1.925,1.844,2.260,68.420,97.473,-49.988
-2.018,1.741,2.334,72.693,133.057,-71.350
-2.131,1.571,2.431,80.261,170.227,-88.257
-2.214,1.488,2.614,82.703,205.994,-103.333
-2.333,1.385,2.781,81.055,254.822,-120.667
-2.455,1.124,2.803,75.317,316.101,-147.827
-2.499,0.841,2.675,62.439,382.629,-177.124
-2.485,0.568,2.419,46.692,446.289,-203.674
-2.444,0.314,2.082,39.856,506.287,-223.267
-2.365,0.094,1.669,40.955,553.833,-234.314
-2.245,-0.070,1.197,52.979,586.487,-235.352
-2.127,-0.180,0.715,73.242,604.919,-227.356
-2.063,-0.271,0.349,97.656,611.877,-216.736
-2.022,-0.355,0.057,122.009,615.173,-210.937
-1.903,-0.663,-0.278,135.193,618.530,-209.717
-1.708,-1.107,-0.630,117.065,613.342,-214.844
-1.428,-1.508,-0.950,72.571,595.642,-215.210
-1.070,-1.861,-1.244,21.423,564.697,-200.317
-0.679,-2.001,-1.507,-24.109,522.461,-165.222
-0.269,-1.821,-1.782,-59.082,473.755,-113.342
0.113,-1.512,-2.046,-84.045,415.833,-61.462
0.366,-1.164,-2.181,-99.304,350.281,-27.649
0.548,-0.880,-2.119,-115.967,280.212,-9.216
0.711,-0.701,-1.979,-125.122,211.609,1.526
0.818,-0.500,-1.847,-126.404,158.691,14.404
0.841,-0.276,-1.718,-126.404,118.835,23.437
0.807,-0.089,-1.580,-119.080,87.830,25.757
0.774,0.039,-1.433,-99.731,61.279,26.062
0.755,0.124,-1.302,-71.228,40.100,27.222
0.755,0.203,-1.203,-47.241,25.024,25.391
0.769,0.263,-1.136,-28.320,14.404,19.836
0.829,0.217,-1.056,-7.446,6.226,14.771
0.894,0.173,-0.994,7.080,-1.343,5.615
0.910,0.133,-0.965,15.930,-6.531,0.366
0.924,0.114,-0.915,23.254,-15.442,-2.869
0.926,0.099,-0.801,29.968,-29.541,-4.578
0.918,0.089,-0.661,36.438,-37.109,-7.812
0.927,0.062,-0.542,37.659,-41.565,-13.184
0.948,0.023,-0.417,33.386,-44.617,-17.822
0.959,-0.002,-0.310,26.245,-45.959,-22.461
0.998,-0.022,-0.211,19.836,-46.875,-23.804
1.020,-0.027,-0.128,15.991,-48.828,-22.827
1.009,0.003,-0.042,16.541,-49.194,-19.531
0.992,0.040,0.082,22.034,-48.401,-16.357
0.978,0.053,0.186,26.672,-46.326,-14.832
0.965,0.054,0.261,28.503,-42.786,-13.062
0.960,0.055,0.310,26.978,-39.246,-12.329
0.951,0.051,0.335,26.062,-34.607,-10.925
0.949,0.043,0.336,27.466,-28.809,-9.766
0.959,0.030,0.318,29.114,-23.254,-8.484
0.982,0.012,0.284,28.992,-18.982,-7.385
0.993,-0.017,0.233,28.870,-15.930,-6.714
1.000,0.037,0.222,29.785,-14.648,-4.089
0.992,-0.059,0.226,36.865,-15.381,8.667
0.990,-0.003,0.251,30.090,-13.550,-1.099
0.969,-0.030,0.223,24.597,-9.521,-2.258
0.969,-0.035,0.201,25.208,-7.019,-0.610
0.971,-0.040,0.171,22.644,-5.676,-1.770
0.976,-0.036,0.141,22.095,-4.700,-0.610
0.990,-0.037,0.124,21.790,-5.127,0.244
0.997,-0.046,0.123,19.348,-6.836,-0.183
0.983,-0.053,0.138,15.015,-8.606,-0.916
0.969,-0.053,0.141,11.475,-9.705,-0.793
0.967,-0.050,0.148,8.667,-10.864,0.122
0.974,-0.046,0.148,7.141,-11.169,0.977
0.979,-0.035,0.148,4.578,-14.709,2.380
0.980,-0.017,0.161,5.737,-16.418,4.333
0.977,-0.003,0.179,5.493,-17.456,4.700
0.971,0.007,0.194,6.226,-18.372,5.127
0.966,0.009,0.201,7.690,-16.296,4.883
0.966,0.005,0.196,7.568,-18.188,5.127
0.969,0.001,0.180,9.399,-17.883,6.042
0.972,-0.001,0.176,11.719,-15.686,6.775
0.973,-0.000,0.188,11.230,-18.127,6.836
0.966,0.003,0.187,11.780,-17.822,7.080
0.966,0.001,0.183,12.146,-15.747,6.226
0.966,0.001,0.185,11.230,-18.250,5.554

-0.474,0.391,0.781,1.709,-7.080,3.418
-0.470,0.389,0.769,1.221,-7.568,3.540
-0.466,0.384,0.763,0.793,-8.850,3.418
-0.465,0.381,0.763,1.160,-9.766,3.479
-0.467,0.379,0.764,0.854,-10.620,3.723
-0.476,0.382,0.776,1.831,-9.827,4.211
-0.486,0.383,0.788,3.052,-7.629,4.395
-0.494,0.388,0.799,2.258,-6.775,4.456
-0.495,0.397,0.799,1.282,-5.920,4.517
-0.486,0.394,0.783,1.465,-4.150,4.517
-0.481,0.389,0.773,0.916,-3.784,4.395
-0.477,0.389,0.773,1.099,-3.540,4.822
-0.477,0.392,0.769,1.404,-3.113,5.371
-0.474,0.395,0.762,1.953,-3.235,6.104
-0.476,0.400,0.758,2.869,-4.150,7.385
-0.469,0.401,0.753,3.296,-6.531,8.240
-0.477,0.396,0.743,4.150,-8.728,9.033
-0.478,0.396,0.743,5.554,-8.423,9.399
-0.478,0.388,0.744,6.104,-7.080,9.460
-0.491,0.389,0.756,4.028,-8.789,9.094
-0.503,0.405,0.772,2.441,-10.803,8.911
-0.511,0.413,0.778,2.197,-9.094,8.423
-0.511,0.410,0.774,2.563,-6.775,7.751
-0.508,0.407,0.770,3.357,-4.517,7.080
-0.506,0.407,0.767,2.380,-4.395,6.165
-0.506,0.411,0.767,1.038,-6.287,5.676
-0.507,0.417,0.775,1.648,-6.409,5.798
-0.516,0.421,0.781,2.625,-4.944,5.371
-0.526,0.430,0.791,3.052,-3.357,4.517
-0.540,0.453,0.797,2.686,-2.197,4.456
-0.561,0.477,0.803,3.052,-1.038,3.967
-0.587,0.502,0.821,2.258,-0.305,2.869
-0.614,0.544,0.833,-0.122,-0.366,1.404
-0.648,0.611,0.864,-0.427,1.160,0.244
-0.688,0.672,0.908,1.038,4.272,-1.526
-0.741,0.742,0.969,3.113,9.094,-3.723
-0.821,0.828,1.027,8.606,15.869,-5.005
-0.974,0.934,1.131,15.259,22.400,-4.700
-1.172,1.116,1.287,21.301,30.396,-4.089
-1.437,1.354,1.511,36.011,42.480,-1.953
-1.676,1.603,1.851,55.908,61.279,-2.747
-1.908,1.734,2.070,70.740,94.971,-14.038
-2.010,1.656,2.204,84.778,135.742,-35.034
-2.076,1.556,2.255,89.417,175.354,-58.411
-2.111,1.463,2.332,90.515,215.271,-80.200
-2.146,1.345,2.363,92.224,256.287,-98.328
-2.214,1.211,2.429,86.792,300.049,-121.765
-2.297,1.068,2.507,71.899,351.135,-151.123
-2.364,0.850,2.441,52.063,409.607,-183.105
-2.382,0.593,2.212,33.142,463.989,-210.632
-2.378,0.383,2.064,18.677,502.441,-228.455
-2.340,0.227,1.836,9.705,535.645,-241.211
-2.283,0.090,1.486,6.531,565.491,-249.512
-2.232,-0.052,1.107,12.939,587.463,-256.958
-2.151,-0.204,0.694,30.884,600.769,-260.071
-1.994,-0.294,0.206,61.890,604.309,-251.343
-1.854,-0.307,-0.203,101.318,599.976,-233.276
-1.737,-0.359,-0.514,138.550,593.567,-218.506
-1.627,-0.486,-0.787,160.339,585.144,-210.571
-1.365,-0.802,-1.070,158.752,570.435,-207.886
-0.964,-1.172,-1.401,126.343,549.316,-209.229
-0.466,-1.532,-1.722,80.505,517.517,-200.867
-0.091,-1.846,-1.986,35.400,473.999,-174.316
0.167,-1.950,-2.119,-5.249,411.682,-127.563
0.307,-1.763,-2.110,-48.706,332.275,-66.406
0.446,-1.454,-2.020,-98.877,248.108,-14.160
0.572,-1.154,-1.936,-139.038,178.772,19.958
0.653,-0.895,-1.865,-162.109,128.906,44.312
0.678,-0.633,-1.765,-174.438,91.370,61.707
0.699,-0.392,-1.635,-173.767,64.697,69.336
0.716,-0.154,-1.524,-161.133,47.058,69.763
0.752,0.041,-1.458,-142.090,35.217,63.110
0.828,0.125,-1.389,-115.417,25.391,50.720
0.897,0.141,-1.286,-82.825,15.686,36.560
0.930,0.062,-1.164,-48.035,9.155,25.208
0.945,0.006,-1.031,-23.376,2.869,13.611
0.975,-0.046,-0.892,-5.127,-5.066,7.751
1.010,-0.076,-0.760,9.644,-13.672,6.348
1.018,-0.088,-0.635,20.325,-23.193,8.179
1.001,-0.085,-0.509,27.283,-32.959,11.597
0.973,-0.077,-0.383,32.166,-41.687,14.465
0.961,-0.055,-0.257,33.203,-47.852,16.357
0.964,-0.048,-0.156,31.616,-50.964,17.639
0.958,-0.024,-0.070,25.513,-52.429,18.494
0.941,0.013,-0.011,17.334,-52.429,18.372
0.936,0.059,0.051,11.292,-51.025,17.578
0.921,0.072,0.106,8.606,-48.645,17.273
0.918,0.119,0.156,5.676,-43.213,15.259
0.923,0.126,0.180,5.066,-35.583,12.878
0.940,0.130,0.173,3.113,-31.799,11.963
0.958,0.134,0.151,1.526,-30.029,10.254
0.970,0.155,0.139,3.418,-29.175,8.850
0.973,0.171,0.152,6.775,-29.236,8.362
0.981,0.266,0.198,11.292,-29.236,6.287
0.946,0.085,0.160,22.217,-30.212,19.226
0.968,0.168,0.224,30.518,-31.311,14.282
0.950,0.144,0.238,23.315,-30.151,3.540
0.955,0.093,0.256,31.311,-28.198,4.395
0.954,0.077,0.277,32.166,-26.184,0.610
0.955,0.042,0.290,30.945,-23.254,-1.770
0.964,0.018,0.283,29.663,-19.043,-3.418
0.978,0.009,0.259,28.137,-15.625,-4.333
0.985,0.002,0.248,26.978,-14.221,-4.456
0.981,-0.005,0.244,25.330,-13.550,-5.066
0.975,-0.020,0.237,23.376,-13.184,-5.310
0.975,-0.028,0.226,21.912,-12.878,-4.517
0.977,-0.037,0.211,19.897,-13.306,-3.113
0.974,-0.040,0.203,17.883,-13.733,-1.221
0.976,-0.044,0.197,15.442,-14.282,0.244
0.979,-0.039,0.189,12.512,-14.465,1.587
0.979,-0.025,0.180,9.888,-14.587,2.747
0.977,-0.007,0.190,7.690,-14.771,3.784
0.974,0.004,0.192,5.737,-13.062,3.540
0.973,0.012,0.180,5.493,-11.658,3.052
0.976,0.008,0.175,5.798,-11.047,2.686
0.976,0.002,0.176,6.287,-11.597,2.563
0.979,-0.003,0.177,7.324,-12.024,3.540
0.983,-0.005,0.178,7.690,-13.123,4.883
0.982,0.000,0.187,7.385,-14.404,6.287

-0.410,0.485,0.795,2.563,-10.864,6.775
-0.403,0.479,0.789,4.089,-8.972,7.385
-0.397,0.476,0.785,6.409,-6.531,7.690
-0.387,0.469,0.777,6.836,-6.165,7.446
-0.379,0.462,0.769,5.432,-8.118,6.897
-0.373,0.459,0.759,4.089,-10.803,6.897
-0.372,0.457,0.756,4.333,-10.071,6.470
-0.379,0.460,0.761,1.831,-11.658,5.066
-0.390,0.466,0.772,0.244,-12.878,3.845
-0.403,0.464,0.790,-1.282,-13.550,2.380
-0.421,0.454,0.813,-3.357,-14.648,0.793
-0.431,0.442,0.828,-4.272,-13.794,-0.305
-0.428,0.430,0.831,-3.967,-12.390,-0.244
-0.419,0.423,0.826,-2.136,-8.789,1.038
-0.407,0.418,0.816,0.366,-4.700,2.747
-0.397,0.419,0.801,0.183,-4.883,4.883
-0.391,0.430,0.788,0.427,-6.165,7.080
-0.398,0.449,0.785,2.380,-4.578,8.911
-0.408,0.469,0.786,3.418,-3.296,9.583
-0.416,0.485,0.786,1.770,-5.676,9.216
-0.420,0.499,0.783,1.770,-5.554,8.484
-0.422,0.504,0.775,1.892,-3.174,6.958
-0.423,0.502,0.770,-0.671,-3.357,4.822
-0.427,0.501,0.775,-2.625,-4.822,2.930
-0.425,0.494,0.768,-2.930,-3.235,1.526
-0.414,0.484,0.753,-1.709,-0.671,0.977
-0.404,0.476,0.740,0.305,0.671,1.343
-0.401,0.470,0.739,1.221,0.366,2.075
-0.405,0.470,0.748,0.854,-1.221,2.625
-0.421,0.484,0.761,-0.610,-3.662,2.747
-0.440,0.495,0.779,-0.671,-5.493,3.418
-0.463,0.526,0.798,-0.610,-5.493,3.845
-0.487,0.572,0.814,0.610,-2.686,4.150
-0.518,0.616,0.854,1.526,0.977,3.662
-0.555,0.671,0.902,0.061,3.479,1.953
-0.617,0.714,0.958,-0.793,5.371,0.549
-0.696,0.787,1.043,-0.366,8.728,0.061
-0.848,0.900,1.185,2.747,15.442,0.854
-1.041,1.059,1.367,7.812,26.245,2.441
-1.224,1.344,1.526,15.564,43.213,5.005
-1.346,1.587,1.643,28.625,66.833,2.502
-1.459,1.741,1.746,41.870,88.989,-7.446
-1.571,1.792,1.920,50.232,109.009,-27.893
-1.700,1.760,2.136,57.373,134.705,-52.002
-1.838,1.710,2.352,71.960,171.509,-71.655
-1.940,1.608,2.513,87.952,214.355,-87.219
-2.026,1.477,2.629,97.778,259.888,-103.577
-2.090,1.322,2.632,96.497,310.730,-123.962
-2.091,1.136,2.509,85.571,365.173,-149.292
-2.052,0.928,2.270,65.552,410.278,-176.819
-1.987,0.711,1.974,47.546,446.960,-200.500
-1.897,0.543,1.750,27.588,466.370,-219.116
-1.859,0.336,1.551,11.780,481.995,-235.291
-1.800,0.073,1.312,-4.578,490.784,-250.488
-1.757,-0.155,1.054,-15.808,498.230,-257.141
-1.667,-0.389,0.767,-19.531,505.432,-258.667
-1.568,-0.567,0.395,-16.479,513.062,-256.409
-1.525,-0.641,0.010,-1.587,515.442,-245.056
-1.490,-0.608,-0.295,24.902,510.376,-229.492
-1.430,-0.525,-0.605,58.533,503.601,-215.332
-1.333,-0.507,-0.893,94.482,493.652,-198.120
-1.109,-0.791,-1.116,115.723,476.257,-184.753
-0.663,-1.277,-1.404,90.454,450.928,-182.251
-0.219,-1.533,-1.747,27.344,419.495,-173.218
0.156,-1.708,-2.023,-25.146,376.709,-147.461
0.497,-1.648,-2.188,-67.871,321.899,-110.718
0.778,-1.381,-2.220,-103.149,252.502,-65.430
0.939,-1.015,-2.115,-127.380,182.373,-26.184
0.957,-0.728,-1.969,-138.489,125.977,-2.991
0.911,-0.495,-1.800,-140.381,82.825,11.292
0.865,-0.313,-1.666,-129.517,49.377,22.095
0.837,-0.145,-1.544,-107.971,23.193,31.372
0.840,0.038,-1.403,-84.900,1.709,35.156
0.821,0.119,-1.230,-58.533,-12.695,33.020
0.823,0.173,-1.087,-34.546,-18.677,18.921
0.899,0.144,-0.987,-9.949,-18.860,4.944
0.960,0.099,-0.905,10.925,-21.057,-5.981
0.978,0.046,-0.816,27.405,-24.414,-14.282
0.965,-0.003,-0.734,43.213,-28.809,-18.799
0.975,-0.036,-0.613,58.594,-36.377,-18.799
0.995,-0.052,-0.465,69.031,-45.776,-17.639
0.990,-0.058,-0.319,73.792,-53.711,-16.602
0.987,-0.066,-0.152,74.341,-57.800,-16.357
0.959,-0.085,-0.010,71.960,-57.495,-17.395
0.925,-0.095,0.104,67.322,-54.321,-17.212
0.931,-0.107,0.198,61.890,-49.988,-17.456
0.948,-0.135,0.263,55.603,-45.410,-16.052
0.974,-0.129,0.325,47.607,-40.405,-15.137
1.000,-0.135,0.369,39.734,-36.621,-10.986
1.006,-0.129,0.383,26.550,-36.377,-5.615
1.000,-0.110,0.382,12.024,-35.217,-2.991
0.992,-0.076,0.377,3.601,-32.898,0.000
0.988,-0.037,0.356,-0.732,-30.457,3.235
0.987,-0.006,0.329,-1.282,-28.809,5.798
0.961,-0.022,0.296,2.563,-26.611,6.714
0.957,0.077,0.300,8.972,-24.536,9.277
0.962,-0.021,0.295,21.606,-24.109,21.973
0.956,0.071,0.337,16.357,-20.691,6.836
0.935,0.026,0.303,14.526,-14.099,3.723
0.941,0.004,0.268,20.447,-8.972,3.174
0.946,-0.014,0.229,19.836,-5.676,0.061
0.959,-0.032,0.198,19.836,-4.395,-0.549
0.968,-0.040,0.184,19.836,-3.723,-0.122
0.973,-0.040,0.175,17.395,-3.418,-0.488
0.979,-0.046,0.164,14.954,-3.418,-0.916
0.983,-0.055,0.161,12.939,-4.333,-0.793
0.985,-0.066,0.171,10.742,-5.493,-0.305
0.981,-0.073,0.184,7.629,-7.385,0.977
0.981,-0.070,0.200,4.150,-8.789,2.380
0.978,-0.058,0.213,0.916,-9.766,3.418
0.972,-0.043,0.235,-2.563,-10.559,4.089
0.954,-0.026,0.250,-5.371,-10.071,4.639
0.947,-0.007,0.254,-6.653,-8.972,5.127
0.949,0.005,0.244,-6.653,-7.324,5.127
0.957,0.013,0.229,-5.920,-5.920,4.639
0.966,0.016,0.210,-3.418,-4.822,4.578
0.983,0.011,0.193,-0.549,-5.005,4.883
0.991,0.006,0.180,1.465,-5.859,5.005
0.989,0.007,0.183,3.662,-8.606,5.676

-0.465,0.484,0.915,7.874,-7.324,10.986
-0.448,0.452,0.876,6.531,-3.967,9.216
-0.436,0.437,0.840,3.845,-2.197,7.996
-0.429,0.426,0.812,0.732,-2.441,7.019
-0.425,0.426,0.803,-1.038,-3.662,7.019
-0.427,0.451,0.794,-1.709,-3.601,7.935
-0.433,0.470,0.786,-0.732,-3.906,8.728
-0.430,0.472,0.784,0.916,-4.456,8.606
-0.430,0.470,0.788,2.197,-4.700,8.301
-0.432,0.473,0.802,3.479,-3.906,7.446
-0.431,0.464,0.812,2.991,-1.831,5.615
-0.427,0.446,0.818,1.953,-0.183,3.784
-0.424,0.431,0.812,0.427,1.953,2.258
-0.419,0.414,0.805,-2.014,1.343,1.282
-0.417,0.412,0.802,-2.808,2.563,1.221
-0.417,0.420,0.802,-3.784,2.136,1.343
-0.421,0.436,0.803,-3.784,1.831,2.380
-0.423,0.450,0.808,-2.380,2.319,3.174
-0.425,0.459,0.803,-2.441,2.075,2.991
-0.425,0.462,0.806,-1.404,0.671,2.808
-0.428,0.457,0.815,-0.366,2.258,2.014
-0.431,0.456,0.836,-0.732,2.930,0.977
-0.429,0.441,0.833,-1.648,5.432,0.061
-0.423,0.427,0.827,-1.038,7.629,0.122
-0.417,0.420,0.814,-1.953,7.935,0.244
-0.413,0.426,0.805,-1.282,7.935,1.648
-0.411,0.428,0.796,-0.671,7.935,2.625
-0.414,0.435,0.797,0.427,6.592,3.723
-0.422,0.442,0.797,0.916,6.348,4.150
-0.428,0.464,0.801,1.221,5.249,5.371
-0.440,0.495,0.808,1.770,4.456,6.470
-0.453,0.530,0.817,3.235,4.639,7.263
-0.469,0.578,0.831,4.028,4.028,7.568
-0.491,0.625,0.852,5.066,5.188,6.531
-0.524,0.664,0.883,5.005,4.578,4.639
-0.591,0.704,0.957,6.897,7.019,2.380
-0.693,0.782,1.056,9.216,7.629,2.075
-0.846,0.911,1.194,17.700,12.268,5.981
-1.021,1.128,1.413,31.921,20.142,12.756
-1.259,1.445,1.724,54.199,32.837,21.790
-1.519,1.761,2.113,86.304,53.284,26.184
-1.755,1.982,2.487,117.798,85.022,19.653
-1.964,2.007,2.743,135.559,122.803,2.563
-2.116,1.829,2.877,141.663,170.105,-22.766
-2.268,1.682,3.020,143.250,218.811,-48.889
-2.418,1.470,3.180,139.343,276.123,-70.435
-2.565,1.278,3.190,126.099,346.741,-93.079
-2.696,1.060,3.045,99.670,424.438,-121.765
-2.723,0.788,2.614,70.984,503.540,-154.968
-2.587,0.485,2.031,50.293,562.866,-183.533
-2.409,0.257,1.480,42.419,600.952,-202.087
-2.214,0.081,0.975,41.260,616.272,-213.074
-2.013,-0.158,0.504,47.119,614.197,-216.187
-1.814,-0.383,0.130,52.124,596.619,-216.492
-1.676,-0.541,-0.184,63.599,572.021,-210.022
-1.452,-0.645,-0.421,80.017,549.072,-197.815
-1.221,-0.779,-0.733,89.722,538.757,-189.636
-1.031,-0.940,-0.984,95.032,528.870,-182.251
-0.931,-1.073,-1.131,100.647,510.498,-167.786
-0.770,-1.300,-1.229,94.666,484.253,-146.301
-0.504,-1.657,-1.408,55.176,453.003,-128.479
-0.282,-1.844,-1.625,-12.024,417.236,-104.004
-0.099,-1.815,-1.790,-72.083,367.187,-59.509
0.102,-1.583,-1.866,-128.479,301.025,-12.085
0.337,-1.299,-1.907,-181.274,232.788,23.010
0.559,-1.017,-1.903,-217.346,175.354,45.837
0.713,-0.748,-1.862,-232.422,130.920,59.082
0.777,-0.487,-1.797,-231.628,97.107,65.369
0.831,-0.253,-1.696,-220.703,70.862,63.782
0.865,-0.078,-1.570,-193.542,50.110,57.556
0.888,0.022,-1.421,-157.043,32.898,49.683
0.891,0.043,-1.266,-119.385,18.555,40.955
0.883,0.013,-1.096,-84.106,8.667,33.752
0.899,-0.013,-0.932,-56.335,2.502,27.893
0.926,-0.049,-0.817,-39.734,-0.916,22.705
0.923,-0.076,-0.725,-30.579,-2.808,19.531
0.924,-0.091,-0.641,-25.452,-6.470,18.372
0.928,-0.072,-0.557,-23.132,-13.855,19.470
0.928,-0.024,-0.462,-19.836,-23.560,22.888
0.923,0.037,-0.351,-14.465,-32.288,26.672
0.933,0.104,-0.249,-10.437,-38.513,28.259
0.950,0.166,-0.177,-7.935,-42.358,27.954
0.986,0.214,-0.126,-5.188,-44.983,26.428
1.004,0.239,-0.088,-2.258,-48.401,24.109
1.013,0.265,-0.027,2.014,-51.941,21.973
1.000,0.285,0.037,6.470,-54.871,20.386
0.974,0.324,0.118,10.376,-57.007,17.944
0.949,0.301,0.175,16.296,-56.946,17.029
0.912,0.390,0.263,23.499,-57.312,22.522
0.884,0.323,0.349,39.490,-55.298,32.532
0.865,0.403,0.419,29.480,-47.424,14.465
0.861,0.337,0.417,28.748,-36.560,10.254
0.878,0.333,0.407,29.846,-26.672,2.563
0.893,0.292,0.376,30.457,-19.348,-2.319
0.916,0.246,0.339,32.959,-14.587,-6.348
0.937,0.202,0.295,34.241,-12.512,-9.277
0.960,0.162,0.260,35.400,-12.512,-11.780
0.978,0.123,0.240,36.438,-13.672,-13.855
0.991,0.087,0.228,37.170,-14.893,-15.442
1.000,0.046,0.223,37.231,-16.724,-15.930
0.996,0.019,0.235,36.804,-18.494,-15.564
0.979,-0.001,0.261,36.011,-19.409,-14.526
0.965,-0.019,0.287,34.180,-18.738,-13.245
0.952,-0.034,0.302,31.677,-15.869,-12.207
0.948,-0.054,0.303,28.748,-12.268,-10.986
0.957,-0.068,0.284,25.085,-8.789,-9.277
0.969,-0.077,0.268,20.386,-7.385,-7.324
0.981,-0.074,0.263,14.709,-7.629,-5.493
0.984,-0.063,0.256,9.460,-8.179,-3.357
0.986,-0.054,0.246,5.310,-8.728,-0.488
0.984,-0.033,0.238,2.075,-9.827,2.319
0.980,-0.012,0.225,-0.122,-10.559,4.822
0.974,0.008,0.215,-0.671,-11.780,6.836
0.980,0.021,0.206,0.183,-13.611,8.179
0.978,0.035,0.220,0.671,-16.113,8.911
0.961,0.051,0.254,0.793,-17.761,9.155
0.943,0.066,0.271,1.221,-17.090,8.850
0.938,0.073,0.269,2.991,-16.235,8.667
0.933,0.085,0.278,4.578,-15.869,8.850

-0.459,0.398,0.785,4.883,-18.311,21.484
-0.469,0.394,0.794,3.784,-19.165,19.897
-0.484,0.415,0.811,2.441,-19.043,18.982
-0.500,0.441,0.825,1.709,-18.250,18.372
-0.509,0.455,0.826,2.014,-16.663,16.846
-0.509,0.452,0.820,2.808,-15.564,15.137
-0.505,0.438,0.806,4.089,-14.099,13.855
-0.502,0.431,0.792,4.822,-13.428,13.306
-0.501,0.427,0.785,5.798,-13.611,13.245
-0.503,0.421,0.788,6.287,-14.832,12.817
-0.508,0.420,0.799,7.263,-14.099,12.512
-0.516,0.415,0.812,6.042,-13.794,10.803
-0.515,0.403,0.807,5.127,-12.024,9.338
-0.512,0.395,0.803,4.517,-10.742,8.179
-0.511,0.390,0.805,4.089,-9.644,7.507
-0.511,0.383,0.804,3.479,-8.606,6.775
-0.508,0.380,0.796,2.502,-7.935,6.531
-0.511,0.385,0.796,2.136,-7.202,6.470
-0.516,0.394,0.810,2.625,-7.324,6.592
-0.526,0.406,0.827,2.747,-5.432,5.981
-0.530,0.404,0.829,3.357,-2.930,4.944
-0.528,0.394,0.826,4.089,-0.488,4.028
-0.522,0.384,0.821,3.418,1.892,2.930
-0.517,0.377,0.807,3.235,3.296,2.563
-0.515,0.378,0.795,2.869,4.333,2.380
-0.520,0.392,0.787,1.892,4.089,2.625
-0.535,0.421,0.791,2.319,4.272,3.479
-0.552,0.463,0.808,3.296,4.150,4.333
-0.568,0.498,0.820,4.578,4.578,4.333
-0.586,0.510,0.841,6.348,6.409,3.052
-0.601,0.521,0.873,6.836,7.812,0.793
-0.618,0.523,0.888,7.324,10.620,-1.221
-0.645,0.521,0.904,11.047,15.015,-1.953
-0.678,0.530,0.937,14.648,15.991,-1.648
-0.726,0.561,0.993,20.996,18.555,0.916
-0.854,0.625,1.089,28.259,22.522,5.920
-0.985,0.743,1.212,39.368,28.381,14.221
-1.140,0.908,1.402,56.946,35.828,23.865
-1.334,0.982,1.638,76.965,46.448,31.555
-1.586,1.243,1.923,88.928,61.890,29.907
-1.882,1.370,2.222,102.539,85.266,29.663
-2.136,1.517,2.531,112.366,109.741,22.705
-2.370,1.579,2.797,115.601,146.729,6.409
-2.523,1.485,2.879,112.427,200.745,-18.494
-2.597,1.324,2.832,100.098,261.780,-49.805
-2.628,1.168,2.718,87.036,326.233,-80.200
-2.654,0.930,2.484,69.214,388.855,-110.657
-2.622,0.713,2.259,49.377,445.984,-140.686
-2.609,0.440,2.015,31.372,500.366,-172.302
-2.519,0.132,1.630,16.846,550.781,-200.745
-2.403,-0.088,1.226,14.282,592.285,-213.745
-2.331,-0.213,0.827,25.452,626.587,-214.722
-2.271,-0.241,0.494,43.762,651.489,-209.534
-2.237,-0.269,0.144,61.829,669.922,-207.764
-2.209,-0.450,-0.234,77.454,677.795,-211.304
-2.033,-0.749,-0.590,87.036,669.067,-214.050
-1.769,-1.044,-0.895,80.139,647.095,-211.548
-1.401,-1.291,-1.214,58.289,619.385,-201.599
-1.029,-1.524,-1.471,30.884,584.351,-182.129
-0.608,-1.621,-1.663,-3.601,536.316,-152.710
-0.233,-1.532,-1.814,-32.654,482.178,-114.258
0.062,-1.315,-1.906,-52.856,424.255,-72.754
0.263,-1.105,-1.926,-70.618,365.784,-39.185
0.431,-0.903,-1.901,-91.003,309.448,-19.897
0.533,-0.742,-1.856,-104.858,260.254,-6.042
0.608,-0.605,-1.804,-109.375,219.055,5.615
0.661,-0.476,-1.752,-109.314,181.458,13.611
0.704,-0.314,-1.700,-106.567,146.912,19.653
0.751,-0.185,-1.650,-96.924,116.394,25.879
0.802,-0.076,-1.609,-82.520,88.867,27.039
0.853,-0.010,-1.567,-63.660,63.293,24.536
0.887,0.016,-1.478,-41.382,38.391,19.409
0.889,0.024,-1.336,-21.790,16.357,12.329
0.854,0.017,-1.179,-6.042,0.366,4.456
0.833,-0.016,-1.031,8.789,-8.972,-2.991
0.834,-0.065,-0.922,20.142,-14.465,-8.911
0.870,-0.116,-0.832,27.954,-19.775,-13.550
0.924,-0.177,-0.736,33.203,-26.733,-13.733
0.970,-0.211,-0.639,32.166,-35.339,-12.573
0.985,-0.237,-0.533,27.649,-43.518,-10.620
1.003,-0.230,-0.396,21.667,-49.622,-8.362
0.996,-0.222,-0.279,17.395,-53.955,-4.089
0.986,-0.195,-0.168,12.573,-56.580,0.793
0.976,-0.168,-0.070,9.338,-56.824,5.249
0.973,-0.150,0.015,6.226,-55.420,8.362
0.976,-0.134,0.082,2.808,-52.063,9.521
0.979,-0.113,0.113,1.282,-48.340,11.597
0.989,-0.091,0.161,3.113,-44.312,14.709
1.003,-0.093,0.206,3.723,-42.725,17.456
0.999,-0.065,0.208,-3.174,-43.396,19.409
0.997,-0.035,0.206,-6.714,-43.091,20.569
0.994,-0.014,0.234,-6.165,-42.664,21.301
0.983,0.000,0.251,-6.348,-40.771,21.790
0.974,0.022,0.244,-6.714,-37.048,21.484
0.973,0.047,0.233,-5.066,-33.508,20.813
0.972,0.128,0.242,-2.197,-30.579,18.921
0.935,0.040,0.216,5.249,-28.137,26.611
0.937,0.101,0.236,9.277,-25.330,19.470
0.920,0.103,0.204,6.653,-20.569,11.658
0.927,0.090,0.165,12.878,-16.357,10.681
0.943,0.074,0.131,15.320,-13.428,5.859
0.959,0.049,0.087,15.930,-11.719,2.319
0.986,0.017,0.047,17.578,-11.841,0.671
1.003,-0.016,0.027,17.944,-13.611,-0.549
1.009,-0.042,0.038,15.991,-17.151,-1.038
0.999,-0.057,0.065,13.489,-20.508,-0.488
0.978,-0.067,0.098,11.597,-22.400,0.916
0.964,-0.073,0.123,8.911,-23.315,1.953
0.960,-0.087,0.128,6.287,-22.644,2.808
0.981,-0.118,0.115,3.052,-21.973,4.089
1.000,-0.159,0.091,-3.357,-21.484,5.188
1.021,-0.184,0.071,-10.193,-22.949,7.629
1.033,-0.198,0.066,-16.663,-26.062,11.108
1.027,-0.187,0.078,-23.682,-29.846,15.076
1.012,-0.159,0.107,-28.320,-33.569,19.348
1.001,-0.119,0.131,-31.738,-36.316,22.583
0.990,-0.064,0.156,-32.410,-38.086,25.574
0.963,-0.003,0.190,-30.273,-38.452,27.344
0.946,0.049,0.216,-25.635,-37.231,27.588

-0.499,0.417,0.747,2.808,-0.244,6.165
-0.498,0.411,0.748,4.211,0.977,6.165
-0.500,0.406,0.747,2.441,-1.160,5.554
-0.500,0.407,0.753,2.380,-1.892,5.310
-0.503,0.405,0.756,1.892,-0.061,4.517
-0.505,0.402,0.754,-0.610,-2.014,4.211
-0.504,0.404,0.753,-0.305,-2.380,4.395
-0.503,0.409,0.750,0.549,-0.061,4.272
-0.500,0.417,0.748,1.648,-0.488,4.883
-0.503,0.426,0.746,2.502,0.488,5.310
-0.504,0.426,0.746,2.747,-1.709,5.493
-0.510,0.423,0.758,3.784,-0.610,5.249
-0.516,0.420,0.763,3.296,0.488,4.578
-0.516,0.415,0.761,1.404,-0.916,4.150
-0.514,0.412,0.759,1.587,-1.038,4.028
-0.511,0.408,0.758,2.563,1.526,3.662
-0.508,0.404,0.754,1.221,1.221,3.113
-0.503,0.401,0.751,1.160,-0.122,3.235
-0.498,0.397,0.749,2.808,1.648,3.601
-0.496,0.392,0.745,3.296,3.174,3.784
-0.494,0.399,0.742,2.136,2.136,3.540
-0.492,0.406,0.737,1.099,0.244,3.662
-0.490,0.409,0.732,1.160,-1.160,3.784
-0.490,0.411,0.732,2.319,0.366,3.784
-0.491,0.410,0.732,2.625,1.343,3.418
-0.493,0.409,0.734,2.014,0.671,2.930
-0.496,0.406,0.744,1.709,-1.404,2.869
-0.497,0.403,0.753,1.892,-2.380,3.174
-0.499,0.399,0.757,2.869,-0.244,3.418
-0.500,0.396,0.762,3.052,1.404,3.479
-0.505,0.394,0.767,1.831,0.000,3.662
-0.521,0.405,0.774,1.648,-0.549,4.211
-0.547,0.437,0.780,2.625,2.380,5.310
-0.575,0.495,0.792,2.930,4.272,6.226
-0.613,0.569,0.828,2.502,3.296,6.653
-0.658,0.634,0.880,2.563,3.784,5.188
-0.722,0.699,0.948,5.676,10.071,3.662
-0.863,0.771,1.045,9.888,19.958,3.113
-1.077,0.857,1.223,13.245,28.503,2.808
-1.384,1.202,1.506,17.456,39.429,4.761
-1.678,1.568,1.842,39.063,57.190,13.855
-1.947,1.880,2.252,70.801,84.778,17.761
-2.273,2.052,2.560,88.989,131.287,1.892
-2.450,1.986,2.794,97.961,188.782,-27.832
-2.575,1.851,2.880,99.976,255.737,-59.265
-2.627,1.652,2.822,103.699,325.806,-87.952
-2.555,1.508,2.619,103.271,386.353,-110.779
-2.443,1.357,2.344,103.333,438.599,-132.202
-2.406,1.103,2.191,99.670,477.417,-159.180
-2.406,0.855,2.147,81.665,503.296,-190.613
-2.427,0.585,1.985,56.580,532.410,-218.689
-2.380,0.304,1.677,39.856,562.500,-239.075
-2.243,0.071,1.289,35.645,581.665,-248.230
-2.170,-0.098,0.995,41.626,591.980,-247.803
-2.126,-0.286,0.727,52.917,597.900,-244.263
-2.054,-0.545,0.414,65.125,597.229,-237.610
-1.949,-0.820,0.075,73.181,591.614,-228.333
-1.819,-1.077,-0.251,75.378,584.106,-216.309
-1.720,-1.268,-0.521,75.867,572.571,-199.341
-1.571,-1.491,-0.778,72.876,554.077,-174.805
-1.316,-1.693,-0.975,50.415,530.518,-149.597
-1.060,-1.763,-1.202,7.324,507.446,-125.793
-0.747,-1.837,-1.473,-35.034,479.370,-96.130
-0.415,-1.756,-1.739,-79.163,437.622,-65.063
-0.073,-1.645,-1.982,-115.295,385.681,-31.555
0.295,-1.452,-2.192,-145.447,328.308,-0.732
0.632,-1.188,-2.345,-170.837,268.494,27.100
0.869,-0.888,-2.406,-182.190,208.313,48.401
0.955,-0.586,-2.368,-180.420,148.560,61.890
0.920,-0.324,-2.215,-168.701,93.201,69.763
0.795,-0.107,-1.967,-148.071,50.049,70.251
0.679,0.050,-1.715,-123.108,17.883,68.237
0.647,0.117,-1.530,-90.759,1.831,63.904
0.667,0.164,-1.411,-62.866,-5.371,49.011
0.704,0.161,-1.377,-35.889,-5.493,33.752
0.801,0.124,-1.376,-10.437,-6.470,20.813
0.904,0.065,-1.336,13.367,-11.902,12.756
0.940,0.041,-1.249,29.480,-22.095,7.874
0.945,0.023,-1.117,40.405,-34.668,4.517
0.954,0.002,-0.947,46.509,-47.791,0.854
0.966,-0.002,-0.770,49.622,-59.814,-2.197
0.979,-0.001,-0.581,47.546,-72.815,-2.625
0.963,0.026,-0.409,42.664,-82.275,-3.418
0.936,0.042,-0.234,41.870,-85.571,-4.883
0.908,0.049,-0.061,42.664,-83.862,-7.446
0.877,0.031,0.081,39.673,-79.651,-9.277
0.865,0.075,0.180,35.095,-70.801,-12.329
0.886,0.072,0.244,41.382,-58.777,-9.521
0.926,0.055,0.278,50.598,-51.147,-4.456
0.969,0.061,0.277,50.049,-46.631,-3.052
1.000,0.066,0.260,44.373,-43.213,-2.686
1.024,0.059,0.241,39.856,-43.396,0.183
1.029,0.068,0.216,33.813,-49.805,4.700
1.004,0.088,0.258,29.419,-56.091,8.118
0.953,0.094,0.319,27.344,-54.993,8.301
0.906,0.125,0.382,26.733,-47.791,4.822
0.857,0.022,0.330,32.104,-38.269,13.611
0.887,0.028,0.325,39.429,-31.067,14.832
0.892,0.064,0.314,25.513,-22.949,-1.160
0.908,0.025,0.267,26.001,-15.869,0.977
0.937,0.015,0.227,24.841,-11.047,-2.197
0.969,-0.000,0.173,21.790,-8.057,-4.272
0.998,-0.009,0.133,21.484,-7.812,-3.906
1.010,-0.022,0.108,21.301,-9.460,-4.028
1.018,-0.037,0.101,20.386,-12.329,-3.784
1.014,-0.047,0.100,18.860,-15.625,-2.930
1.003,-0.057,0.128,18.372,-19.592,-1.404
0.977,-0.054,0.203,15.564,-22.766,-0.427
0.939,-0.055,0.260,10.742,-21.606,-0.305
0.927,-0.054,0.283,5.798,-17.883,-0.610
0.937,-0.048,0.289,3.540,-14.709,-0.122
0.951,-0.037,0.282,1.343,-11.414,0.305
0.968,-0.028,0.261,-0.854,-8.667,0.671
0.984,-0.019,0.228,-1.343,-6.653,1.770
0.995,-0.004,0.194,-0.366,-5.859,3.540
1.001,0.008,0.164,1.831,-6.104,4.944
1.001,0.008,0.149,4.578,-7.690,5.798
0.994,0.007,0.151,6.409,-10.132,6.104
0.980,0.007,0.158,8.057,-11.658,6.653

-0.404,0.514,0.836,13.977,-22.461,17.517
-0.400,0.498,0.830,12.268,-23.499,16.724
-0.394,0.486,0.818,9.216,-23.926,15.747
-0.385,0.471,0.797,6.775,-24.658,14.587
-0.381,0.453,0.781,5.493,-25.513,13.855
-0.399,0.443,0.813,4.700,-25.940,13.306
-0.421,0.442,0.834,1.953,-24.780,12.146
-0.427,0.457,0.833,0.427,-20.508,11.780
-0.430,0.464,0.819,0.916,-16.968,12.451
-0.427,0.468,0.806,0.610,-15.198,12.268
-0.426,0.475,0.802,2.075,-13.428,13.306
-0.425,0.490,0.798,1.770,-14.282,13.855
-0.430,0.500,0.786,3.540,-12.756,13.794
-0.424,0.499,0.781,4.944,-14.587,13.611
-0.422,0.488,0.778,6.897,-14.221,13.184
-0.420,0.480,0.771,6.348,-16.296,12.512
-0.416,0.464,0.761,6.287,-16.785,12.146
-0.413,0.452,0.754,6.531,-18.066,12.268
-0.414,0.448,0.751,5.432,-20.569,12.634
-0.427,0.454,0.770,6.165,-21.362,13.306
-0.437,0.448,0.784,5.798,-21.179,12.573
-0.443,0.429,0.786,6.653,-19.104,12.268
-0.440,0.409,0.779,6.897,-18.555,12.329
-0.443,0.403,0.778,7.324,-17.090,12.695
-0.453,0.429,0.776,6.470,-16.357,13.733
-0.459,0.453,0.773,5.737,-17.151,14.343
-0.465,0.468,0.769,6.226,-17.090,14.160
-0.473,0.478,0.775,7.690,-16.785,14.160
-0.480,0.475,0.778,8.484,-18.066,13.733
-0.487,0.462,0.783,10.803,-17.212,13.855
-0.491,0.455,0.787,11.353,-18.005,14.038
-0.510,0.463,0.819,12.390,-16.418,15.015
-0.552,0.501,0.859,10.620,-13.184,14.282
-0.594,0.567,0.869,9.399,-7.080,14.099
-0.641,0.638,0.866,8.850,-3.235,13.367
-0.688,0.781,0.891,7.935,1.343,11.902
-0.769,0.926,0.941,12.939,4.700,13.733
-0.912,1.089,1.037,20.325,11.841,12.512
-1.084,1.307,1.192,26.062,17.395,8.911
-1.359,1.578,1.399,32.837,25.330,4.150
-1.582,1.835,1.718,40.405,42.908,-10.986
-1.901,1.954,2.041,51.208,67.078,-30.334
-2.179,1.997,2.439,67.505,98.145,-49.622
-2.380,1.911,2.754,81.543,141.052,-70.190
-2.508,1.875,3.020,91.858,196.533,-89.966
-2.614,1.742,3.092,100.525,264.954,-107.422
-2.658,1.503,2.957,95.337,341.980,-135.925
-2.621,1.215,2.720,82.336,406.799,-168.701
-2.555,0.922,2.481,70.679,457.764,-196.411
-2.490,0.636,2.282,58.472,495.911,-217.590
-2.520,0.391,2.178,49.072,526.917,-233.582
-2.512,0.079,1.936,42.969,560.486,-248.108
-2.391,-0.271,1.474,34.912,592.590,-257.202
-2.201,-0.554,0.907,28.625,612.671,-258.911
-1.995,-0.754,0.354,34.607,615.295,-248.779
-1.856,-0.851,-0.062,50.720,599.609,-227.966
-1.741,-0.993,-0.276,69.641,574.951,-208.191
-1.669,-1.210,-0.438,71.350,555.359,-196.411
-1.523,-1.408,-0.642,56.213,540.955,-186.768
-1.335,-1.557,-0.895,34.729,526.306,-168.579
-0.997,-1.730,-1.214,5.066,504.639,-143.982
-0.626,-1.732,-1.552,-35.034,472.412,-121.094
-0.312,-1.685,-1.788,-70.374,427.551,-91.492
-0.081,-1.541,-1.909,-97.900,371.521,-56.946
0.138,-1.278,-1.953,-126.831,312.805,-27.222
0.370,-1.033,-2.009,-147.827,259.277,-1.465
0.611,-0.759,-2.059,-158.325,210.571,16.846
0.765,-0.524,-2.049,-163.391,165.283,26.733
0.806,-0.326,-1.977,-160.767,126.404,30.396
0.794,-0.145,-1.871,-147.522,92.957,31.860
0.780,0.008,-1.762,-123.047,64.026,34.485
0.786,0.147,-1.678,-90.210,39.734,37.415
0.785,0.162,-1.579,-51.758,19.775,40.405
0.805,0.204,-1.451,-19.409,4.761,33.508
0.821,0.200,-1.314,6.042,-5.737,24.719
0.828,0.168,-1.193,24.048,-12.024,15.869
0.836,0.126,-1.095,32.898,-19.165,6.836
0.897,0.073,-0.964,35.522,-30.273,0.916
0.977,0.033,-0.798,31.677,-43.274,-2.136
1.007,0.043,-0.624,23.132,-55.969,-3.723
0.988,0.093,-0.449,16.174,-64.209,-5.066
0.925,0.139,-0.271,14.099,-65.979,-7.202
0.884,0.165,-0.105,13.794,-63.721,-9.705
0.864,0.175,0.015,12.085,-58.533,-12.329
0.861,0.202,0.088,9.705,-52.002,-14.709
0.890,0.196,0.126,12.939,-44.128,-16.541
0.931,0.178,0.133,19.287,-35.461,-18.921
0.991,0.133,0.153,25.513,-29.114,-19.348
1.026,0.098,0.156,25.574,-28.564,-18.005
1.039,0.081,0.145,19.348,-29.663,-17.822
1.040,0.062,0.164,18.982,-30.518,-17.029
1.049,0.144,0.253,23.743,-31.250,-16.785
0.977,-0.079,0.235,33.875,-31.555,3.357
0.966,0.035,0.304,35.645,-27.893,0.366
0.937,-0.005,0.301,24.414,-20.996,-10.193
0.940,-0.014,0.281,28.687,-15.076,-5.188
0.952,-0.009,0.242,25.757,-9.766,-8.057
0.976,-0.024,0.191,25.208,-6.104,-7.751
0.995,-0.024,0.142,24.963,-4.944,-7.263
1.009,-0.026,0.100,24.048,-5.188,-6.836
1.015,-0.031,0.077,23.743,-7.263,-6.348
1.007,-0.034,0.073,22.583,-10.254,-5.859
0.998,-0.033,0.088,21.973,-12.878,-4.761
0.985,-0.034,0.129,20.935,-14.099,-3.967
0.967,-0.035,0.157,17.761,-13.062,-3.723
0.962,-0.044,0.172,13.733,-11.169,-3.723
0.973,-0.058,0.179,8.789,-9.888,-3.357
0.988,-0.055,0.174,3.967,-8.972,-1.892
0.999,-0.036,0.165,0.732,-8.240,0.305
1.003,-0.015,0.146,-0.916,-8.667,2.197
1.007,0.001,0.130,-0.427,-9.399,3.662
1.008,0.015,0.120,0.427,-10.193,4.700
1.001,0.023,0.114,1.770,-11.475,4.883
0.989,0.030,0.121,4.211,-12.756,5.310
0.980,0.022,0.143,6.897,-13.733,5.615
0.969,0.011,0.174,7.080,-14.160,5.615
0.955,0.014,0.191,5.859,-12.451,5.432
0.952,0.021,0.192,5.615,-10.010,5.676
0.957,0.030,0.177,5.981,-7.568,5.981

-0.350,0.531,0.788,10.864,-15.991,17.639
-0.346,0.519,0.779,9.216,-16.663,18.005
-0.354,0.519,0.777,10.193,-19.043,20.874
-0.364,0.527,0.773,9.583,-21.301,22.095
-0.379,0.554,0.772,9.155,-21.790,23.682
-0.399,0.598,0.792,8.240,-24.231,25.024
-0.428,0.635,0.823,8.667,-22.888,23.743
-0.442,0.647,0.838,7.629,-20.874,20.325
-0.441,0.637,0.833,8.850,-14.648,17.090
-0.430,0.621,0.814,8.728,-12.268,14.465
-0.418,0.600,0.790,10.254,-9.155,13.367
-0.404,0.580,0.766,9.277,-9.399,12.268
-0.395,0.573,0.755,8.911,-9.583,11.780
-0.393,0.567,0.752,6.897,-11.963,10.742
-0.394,0.568,0.756,6.226,-14.465,10.315
-0.395,0.564,0.756,6.653,-13.000,9.399
-0.397,0.554,0.756,5.737,-13.611,8.301
-0.401,0.547,0.772,6.226,-14.709,7.935
-0.409,0.536,0.789,7.629,-10.986,7.141
-0.420,0.529,0.807,5.920,-9.766,5.920
-0.424,0.525,0.811,5.066,-6.470,5.188
-0.422,0.520,0.806,5.066,-1.160,4.822
-0.416,0.523,0.793,4.089,-0.916,5.066
-0.412,0.535,0.789,4.822,-0.427,5.981
-0.411,0.546,0.792,5.310,1.160,5.798
-0.410,0.551,0.792,5.249,2.319,5.005
-0.409,0.552,0.793,4.761,3.052,3.723
-0.413,0.545,0.797,4.028,1.648,2.686
-0.417,0.538,0.797,4.639,3.845,1.953
-0.428,0.555,0.810,3.479,4.456,1.709
-0.449,0.576,0.822,3.235,7.202,1.343
-0.465,0.610,0.819,3.540,9.949,1.160
-0.481,0.646,0.812,3.479,11.353,0.793
-0.504,0.690,0.820,4.639,13.733,0.488
-0.545,0.758,0.863,5.188,12.939,0.977
-0.609,0.872,0.931,9.155,13.733,2.075
-0.713,1.015,1.021,17.944,15.747,3.479
-0.874,1.163,1.197,30.396,19.043,3.845
-1.096,1.370,1.412,42.236,27.954,3.540
-1.358,1.680,1.694,52.795,43.762,3.479
-1.624,2.021,2.005,64.575,65.979,-6.409
-1.894,2.140,2.358,77.759,95.154,-21.729
-2.104,2.171,2.651,89.783,139.343,-49.988
-2.216,2.135,2.787,98.694,193.481,-78.857
-2.260,1.966,2.753,114.746,251.770,-102.234
-2.238,1.726,2.682,123.352,306.274,-128.967
-2.238,1.518,2.613,119.995,353.699,-155.640
-2.323,1.352,2.616,104.126,393.494,-183.533
-2.430,1.093,2.628,80.872,437.927,-219.604
-2.537,0.694,2.429,62.256,489.746,-256.104
-2.537,0.383,2.075,52.673,538.025,-276.428
-2.500,0.137,1.544,55.908,580.933,-284.668
-2.399,-0.093,0.928,74.829,609.863,-282.532
-2.226,-0.411,0.361,99.060,618.896,-271.423
-2.010,-0.927,-0.066,106.262,607.910,-260.620
-1.801,-1.505,-0.353,83.252,585.205,-254.517
-1.571,-2.008,-0.628,38.391,561.096,-244.629
-1.272,-2.393,-0.942,-12.573,531.860,-220.337
-0.908,-2.510,-1.304,-56.580,498.169,-176.086
-0.583,-2.315,-1.616,-91.248,458.862,-122.009
-0.326,-1.936,-1.873,-117.615,409.607,-69.458
-0.075,-1.556,-2.073,-137.573,353.638,-30.212
0.178,-1.241,-2.182,-153.809,293.335,-7.080
0.464,-0.981,-2.199,-162.659,234.924,7.324
0.728,-0.763,-2.168,-161.926,181.824,20.142
0.902,-0.500,-2.113,-149.780,135.437,32.715
0.902,-0.142,-2.003,-145.630,96.436,38.391
0.808,0.072,-1.796,-134.399,63.049,31.677
0.728,0.143,-1.557,-95.581,40.466,25.818
0.713,0.210,-1.410,-53.162,29.419,21.790
0.765,0.285,-1.315,-18.799,25.085,14.954
0.785,0.185,-1.250,14.526,23.682,12.085
0.809,0.138,-1.184,39.490,21.851,3.235
0.888,0.055,-1.121,49.866,16.296,-3.662
0.946,-0.030,-1.075,50.781,6.042,-6.042
0.951,-0.070,-1.009,40.833,-8.789,-5.920
0.963,-0.053,-0.902,28.992,-26.184,-5.005
0.971,-0.025,-0.778,19.226,-42.358,-3.967
0.956,0.048,-0.621,9.399,-56.213,-3.723
0.949,0.095,-0.439,4.272,-66.711,-4.272
0.927,0.131,-0.249,1.465,-73.669,-5.005
0.900,0.165,-0.077,1.892,-75.012,-6.165
0.884,0.185,0.043,6.714,-70.557,-7.263
0.899,0.182,0.128,15.015,-63.965,-7.935
0.933,0.179,0.199,23.193,-57.739,-7.996
0.985,0.145,0.271,25.574,-53.650,-7.019
0.989,0.145,0.304,16.541,-54.138,-5.737
0.990,0.147,0.345,10.315,-52.429,-5.859
0.984,0.165,0.390,8.728,-49.866,-5.676
1.000,0.335,0.468,11.597,-46.204,-5.676
0.911,0.066,0.433,25.635,-42.175,18.311
0.930,0.233,0.500,25.940,-35.645,2.014
0.902,0.157,0.451,19.775,-25.513,-5.859
0.904,0.159,0.414,27.466,-16.663,-5.188
0.927,0.121,0.359,29.236,-9.460,-10.132
0.954,0.088,0.286,33.325,-4.211,-10.925
0.985,0.055,0.233,34.973,-2.563,-11.780
1.001,0.031,0.203,34.790,-3.479,-12.024
1.002,0.009,0.197,34.485,-5.920,-11.780
0.986,-0.011,0.203,33.020,-8.545,-11.292
0.968,-0.025,0.234,31.555,-10.803,-9.888
0.955,-0.035,0.254,28.748,-10.376,-8.545
0.950,-0.039,0.251,24.902,-8.179,-7.446
0.966,-0.052,0.237,20.752,-5.737,-6.470
0.991,-0.067,0.233,14.832,-5.371,-5.798
1.000,-0.067,0.241,8.179,-6.104,-3.906
0.994,-0.047,0.255,1.282,-7.019,-1.953
0.982,-0.019,0.261,-3.357,-7.568,-0.244
0.977,0.006,0.255,-5.127,-7.263,1.221
0.970,0.032,0.237,-5.127,-6.775,2.075
0.963,0.052,0.219,-2.808,-6.104,1.953
0.972,0.059,0.198,0.854,-5.737,1.770
0.981,0.052,0.178,4.944,-5.249,1.465
0.981,0.043,0.163,7.141,-5.554,1.587
0.981,0.042,0.153,9.094,-6.531,2.747
0.982,0.037,0.146,10.742,-7.690,3.906
0.975,0.039,0.158,11.536,-9.338,4.944
0.961,0.051,0.184,11.292,-10.193,5.249
0.952,0.052,0.196,10.986,-9.094,4.822

-0.328,0.550,0.869,7.263,-32.288,18.066
-0.321,0.543,0.828,7.935,-32.227,19.226
-0.322,0.543,0.806,10.132,-34.729,21.118
-0.335,0.569,0.819,10.742,-39.001,22.583
-0.351,0.598,0.839,10.498,-41.382,23.071
-0.373,0.617,0.874,10.071,-41.504,21.240
-0.402,0.620,0.921,8.911,-38.452,17.151
-0.422,0.589,0.944,7.996,-32.227,12.756
-0.424,0.556,0.944,7.996,-24.902,10.132
-0.418,0.531,0.928,8.301,-17.700,9.277
-0.395,0.517,0.896,7.568,-12.939,9.277
-0.375,0.513,0.856,8.179,-10.193,10.254
-0.362,0.513,0.833,8.667,-10.132,12.024
-0.357,0.509,0.831,8.057,-11.597,12.451
-0.354,0.506,0.824,7.629,-13.000,12.878
-0.356,0.506,0.822,8.667,-13.306,13.550
-0.361,0.503,0.827,10.254,-13.245,14.221
-0.365,0.491,0.829,10.742,-12.390,14.221
-0.376,0.490,0.844,9.521,-10.925,13.733
-0.394,0.489,0.866,7.019,-8.179,12.817
-0.402,0.500,0.869,5.188,-4.944,12.634
-0.401,0.528,0.857,4.395,-1.648,13.306
-0.395,0.552,0.846,4.517,0.916,13.184
-0.387,0.562,0.833,3.784,1.587,11.841
-0.381,0.562,0.824,2.686,1.587,9.460
-0.373,0.550,0.814,2.014,1.709,6.958
-0.368,0.533,0.807,1.038,1.221,4.639
-0.367,0.516,0.805,0.854,0.793,3.235
-0.375,0.497,0.806,0.916,1.282,2.625
-0.381,0.499,0.810,-0.244,1.648,2.563
-0.393,0.513,0.818,-1.221,2.502,3.296
-0.400,0.534,0.831,-1.221,3.235,3.418
-0.405,0.564,0.833,-1.099,4.395,3.845
-0.417,0.599,0.839,-1.404,5.066,3.906
-0.451,0.644,0.860,-2.502,5.432,3.357
-0.507,0.728,0.891,-4.639,4.822,3.723
-0.605,0.886,0.947,-4.761,3.113,5.798
-0.786,1.078,1.100,-1.282,-0.732,8.728
-1.037,1.327,1.361,2.441,-1.282,7.507
-1.303,1.654,1.677,8.118,5.249,3.967
-1.633,1.978,2.090,20.447,20.874,-3.967
-1.859,2.175,2.519,33.081,55.603,-24.902
-2.071,2.304,2.836,42.114,102.966,-55.542
-2.197,2.325,2.952,51.147,168.823,-86.792
-2.344,2.181,2.984,70.374,241.699,-116.760
-2.414,1.948,2.998,81.604,308.228,-151.855
-2.461,1.742,2.950,78.491,369.202,-185.120
-2.519,1.536,2.856,72.937,425.903,-217.163
-2.574,1.257,2.675,65.918,488.647,-251.953
-2.568,0.940,2.256,56.030,546.448,-284.729
-2.492,0.578,1.703,57.983,591.248,-306.274
-2.301,0.070,1.168,65.063,615.784,-319.153
-2.109,-0.402,0.725,59.753,621.033,-324.585
-1.892,-0.719,0.311,49.744,613.770,-317.749
-1.732,-0.926,-0.083,49.255,596.680,-298.218
-1.597,-1.145,-0.352,52.246,568.665,-275.024
-1.424,-1.423,-0.568,48.218,536.621,-255.188
-1.213,-1.618,-0.803,37.109,508.118,-230.347
-0.965,-1.659,-1.136,22.095,479.614,-196.167
-0.703,-1.547,-1.478,11.658,445.801,-156.982
-0.512,-1.342,-1.743,6.958,404.236,-119.202
-0.319,-1.156,-1.904,3.845,353.516,-87.769
-0.109,-1.004,-1.982,-1.465,299.988,-62.012
0.141,-0.875,-2.029,-11.169,251.099,-41.016
0.388,-0.692,-2.050,-28.809,206.970,-24.292
0.591,-0.517,-1.994,-49.438,163.330,-14.038
0.688,-0.356,-1.889,-61.157,124.939,-8.118
0.710,-0.212,-1.776,-62.439,94.055,-2.319
0.712,-0.111,-1.661,-52.307,66.467,3.235
0.709,-0.035,-1.518,-34.424,42.175,7.385
0.695,0.021,-1.361,-15.869,24.475,8.240
0.692,0.097,-1.231,-2.563,13.855,5.737
0.732,0.048,-1.128,11.841,6.409,4.395
0.803,0.039,-1.039,20.264,-0.793,-1.587
0.852,-0.008,-0.962,22.583,-7.751,-5.798
0.894,-0.067,-0.865,21.179,-15.320,-9.705
0.929,-0.130,-0.760,14.832,-24.170,-12.695
0.944,-0.161,-0.650,4.700,-34.424,-12.817
0.938,-0.157,-0.511,-3.418,-44.067,-9.888
0.948,-0.129,-0.384,-8.423,-50.537,-5.859
0.959,-0.092,-0.292,-12.451,-54.077,-0.916
0.966,-0.063,-0.200,-15.198,-56.335,3.479
0.978,-0.039,-0.109,-17.212,-56.213,5.127
1.000,-0.011,-0.020,-17.883,-54.443,4.395
1.003,-0.010,0.070,-16.113,-52.490,4.944
1.012,-0.022,0.172,-16.113,-50.171,4.700
1.011,-0.005,0.238,-23.376,-48.889,4.578
1.001,0.013,0.279,-28.870,-47.302,7.996
0.996,0.046,0.302,-30.151,-44.373,10.925
0.998,0.079,0.295,-29.785,-40.527,11.780
1.000,0.232,0.292,-25.146,-36.560,12.695
0.968,0.052,0.244,-8.911,-34.485,30.701
0.976,0.217,0.287,-7.507,-31.067,14.221
0.965,0.162,0.257,-5.798,-25.269,9.033
0.969,0.164,0.245,2.197,-20.203,3.418
0.972,0.129,0.233,7.996,-15.869,-2.808
0.982,0.098,0.218,14.587,-12.756,-6.104
0.983,0.049,0.205,18.860,-10.620,-8.728
0.978,0.012,0.199,20.935,-9.338,-10.193
0.982,-0.016,0.182,21.301,-8.301,-10.986
0.979,-0.035,0.160,20.813,-7.446,-10.803
0.979,-0.053,0.139,20.203,-7.324,-9.949
0.982,-0.069,0.122,18.982,-7.202,-8.362
0.985,-0.074,0.109,17.029,-7.507,-6.897
0.994,-0.076,0.107,14.343,-7.874,-5.676
1.000,-0.086,0.105,11.353,-8.240,-4.456
1.000,-0.092,0.103,7.935,-8.240,-3.113
1.000,-0.083,0.106,5.005,-9.460,-1.160
0.994,-0.070,0.108,3.418,-11.108,1.099
0.989,-0.057,0.119,2.808,-12.390,2.625
0.978,-0.041,0.130,2.075,-12.390,3.662
0.970,-0.025,0.134,1.648,-10.254,3.845
0.970,-0.012,0.119,1.221,-7.751,3.357
0.986,-0.008,0.099,2.625,-5.859,2.869
1.000,-0.014,0.079,4.333,-5.554,2.563
1.007,-0.025,0.075,5.737,-6.897,3.052
1.004,-0.022,0.091,6.470,-8.911,3.906
0.994,-0.016,0.108,6.897,-10.986,5.127
0.980,-0.005,0.115,8.362,-12.207,6.531

-0.407,0.325,0.842,16.968,5.981,11.292
-0.403,0.326,0.835,14.526,4.761,10.681
-0.398,0.322,0.828,11.353,3.357,9.033
-0.396,0.318,0.824,8.789,1.770,7.629
-0.399,0.319,0.833,6.714,0.732,6.653
-0.401,0.318,0.829,4.944,0.854,5.432
-0.403,0.311,0.833,4.761,1.343,5.249
-0.411,0.315,0.846,4.883,2.319,5.432
-0.410,0.314,0.853,4.822,4.150,5.737
-0.405,0.319,0.842,3.906,5.676,6.042
-0.399,0.322,0.825,3.174,6.042,6.470
-0.391,0.327,0.818,2.808,4.700,6.592
-0.392,0.338,0.818,3.052,3.052,7.202
-0.392,0.340,0.820,3.601,1.343,7.263
-0.392,0.335,0.821,3.662,0.061,6.958
-0.398,0.331,0.828,3.235,-1.221,6.409
-0.404,0.325,0.839,3.235,-2.075,6.104
-0.409,0.327,0.843,2.747,-2.319,6.042
-0.414,0.340,0.845,2.075,-2.197,6.226
-0.418,0.354,0.855,1.892,-2.075,5.859
-0.422,0.354,0.855,1.465,-1.404,5.066
-0.421,0.349,0.854,1.465,-1.160,4.211
-0.419,0.344,0.856,1.770,-1.099,3.723
-0.421,0.340,0.859,2.075,-0.793,3.662
-0.423,0.333,0.869,2.991,-0.305,3.601
-0.429,0.330,0.885,3.052,0.854,3.967
-0.427,0.328,0.884,2.441,3.235,3.906
-0.421,0.330,0.881,1.770,5.371,3.784
-0.419,0.340,0.873,0.366,6.775,3.601
-0.418,0.341,0.860,-0.671,8.179,3.052
-0.414,0.341,0.850,-1.404,7.690,2.808
-0.416,0.356,0.858,-1.709,6.531,3.052
-0.424,0.373,0.865,-1.709,5.493,3.357
-0.436,0.389,0.868,-1.160,4.639,3.662
-0.474,0.420,0.902,-1.831,3.235,3.906
-0.532,0.484,0.988,-2.319,1.831,4.456
-0.612,0.575,1.087,-1.587,2.747,5.920
-0.762,0.690,1.231,-0.488,6.104,7.324
-0.969,0.870,1.430,-3.113,11.963,7.202
-1.240,1.104,1.691,-8.667,21.179,6.165
-1.572,1.392,2.062,-8.423,30.945,3.174
-1.929,1.638,2.577,-1.648,51.331,-7.202
-2.244,1.741,2.986,0.061,97.595,-29.480
-2.439,1.687,3.239,-2.319,165.222,-62.927
-2.489,1.652,3.302,-8.057,250.977,-99.609
-2.478,1.571,3.138,-12.939,348.083,-136.780
-2.430,1.386,2.804,-16.907,438.965,-175.232
-2.299,1.140,2.400,-22.461,506.714,-214.111
-2.184,0.899,2.111,-24.658,546.082,-244.812
-2.071,0.685,1.795,-21.362,568.420,-266.357
-1.948,0.469,1.428,-10.986,580.872,-279.419
-1.798,0.221,1.032,4.211,583.984,-284.302
-1.601,-0.084,0.643,20.264,577.637,-282.410
-1.402,-0.445,0.324,28.748,559.570,-276.855
-1.228,-0.740,0.027,28.564,537.720,-266.174
-1.037,-0.967,-0.244,26.672,515.076,-247.498
-0.897,-1.099,-0.450,23.315,491.333,-223.145
-0.693,-1.173,-0.639,14.282,466.736,-199.158
-0.551,-1.196,-0.822,2.136,438.171,-174.194
-0.453,-1.156,-0.969,-6.836,409.546,-148.560
-0.340,-1.176,-1.059,-15.930,377.197,-126.770
-0.223,-1.235,-1.170,-32.471,341.553,-104.492
-0.060,-1.185,-1.279,-51.453,302.856,-79.102
0.126,-1.076,-1.377,-70.984,261.230,-52.612
0.336,-0.906,-1.450,-87.646,221.558,-28.259
0.566,-0.706,-1.490,-97.412,182.617,-7.690
0.714,-0.516,-1.499,-100.342,144.348,8.484
0.835,-0.330,-1.443,-99.121,109.741,17.761
0.864,-0.173,-1.312,-90.698,81.787,20.508
0.833,-0.064,-1.151,-80.139,62.134,17.395
0.800,0.016,-1.025,-67.017,49.011,12.878
0.784,0.063,-0.913,-49.011,39.246,9.399
0.770,0.110,-0.805,-29.663,33.020,5.127
0.768,0.131,-0.731,-9.338,31.616,0.244
0.809,0.135,-0.703,7.874,31.799,-6.409
0.889,0.078,-0.694,21.362,31.067,-13.489
0.965,0.015,-0.686,28.748,26.672,-19.165
1.005,-0.034,-0.644,32.349,19.165,-21.362
1.016,-0.069,-0.580,34.424,9.705,-20.081
1.009,-0.080,-0.487,34.912,-0.122,-16.785
0.968,-0.075,-0.370,32.898,-6.897,-13.794
0.919,-0.060,-0.268,28.809,-9.094,-11.902
0.901,-0.051,-0.193,25.452,-8.118,-10.498
0.906,-0.050,-0.138,22.583,-6.226,-8.789
0.938,-0.038,-0.102,19.104,-4.822,-6.897
0.976,-0.029,-0.088,15.442,-4.333,-5.249
1.006,-0.023,-0.051,12.695,-5.676,-3.418
1.013,-0.005,-0.018,9.216,-7.629,-1.221
1.011,0.023,0.002,4.639,-9.033,0.916
1.015,0.036,0.025,2.258,-10.315,2.991
1.016,0.067,0.043,-0.854,-11.597,3.906
1.006,0.100,0.062,-2.502,-12.268,3.906
1.008,0.189,0.119,-0.244,-12.329,3.601
0.950,0.097,0.136,8.850,-10.925,15.686
0.948,0.169,0.137,6.470,-6.348,3.052
0.946,0.138,0.112,8.301,-2.441,0.305
0.960,0.110,0.091,14.221,1.587,-2.869
0.983,0.086,0.035,15.381,4.639,-6.592
1.004,0.069,0.001,18.433,5.737,-7.751
1.026,0.040,-0.027,20.569,4.639,-9.094
1.029,0.020,-0.025,21.484,2.197,-9.521
1.011,-0.001,0.001,22.400,0.183,-9.277
0.991,-0.020,0.021,21.484,-0.610,-8.484
0.973,-0.037,0.030,19.287,0.305,-7.263
0.973,-0.059,0.031,15.259,1.709,-5.981
0.989,-0.072,0.005,9.521,3.418,-4.578
1.002,-0.078,-0.008,4.150,3.601,-2.563
1.011,-0.079,-0.019,-1.648,3.113,-0.122
1.017,-0.066,-0.027,-6.653,2.075,2.747
1.009,-0.040,-0.011,-9.705,0.427,5.676
0.998,-0.015,-0.004,-10.864,-0.366,8.118
0.989,0.015,-0.009,-11.292,-0.549,9.705
0.983,0.035,-0.019,-10.193,-0.366,10.620
0.983,0.050,-0.037,-8.057,-0.427,10.864
0.981,0.060,-0.057,-5.249,-0.427,10.742
0.983,0.067,-0.075,-0.916,-0.793,10.498
0.988,0.067,-0.091,2.747,-1.892,9.949
0.990,0.067,-0.093,5.676,-3.906,9.094
0.989,0.063,-0.071,8.423,-5.859,8.606

-0.439,0.309,0.812,1.099,3.845,-0.671
-0.446,0.311,0.822,1.282,3.906,0.061
-0.444,0.310,0.815,1.648,4.944,0.793
-0.436,0.304,0.804,2.563,5.554,1.221
-0.431,0.299,0.802,3.052,4.883,2.136
-0.430,0.297,0.804,2.991,3.967,3.418
-0.433,0.306,0.810,2.563,3.357,4.700
-0.437,0.312,0.811,2.930,3.601,5.554
-0.440,0.319,0.815,3.357,3.174,5.859
-0.446,0.330,0.819,3.357,3.235,5.920
-0.447,0.335,0.823,2.869,3.235,5.066
-0.444,0.328,0.818,2.502,3.235,4.333
-0.437,0.323,0.812,2.502,3.357,4.150
-0.437,0.321,0.810,2.563,3.113,4.700
-0.438,0.322,0.813,2.930,2.930,5.066
-0.443,0.328,0.818,3.296,2.075,5.615
-0.448,0.329,0.823,3.906,2.014,5.737
-0.448,0.328,0.821,3.418,1.892,5.615
-0.445,0.330,0.816,2.808,1.770,5.676
-0.444,0.332,0.817,2.625,1.343,5.493
-0.449,0.337,0.823,1.892,1.038,5.310
-0.453,0.339,0.827,1.648,1.099,4.944
-0.451,0.343,0.828,1.099,1.404,4.639
-0.449,0.347,0.824,0.793,2.014,4.028
-0.448,0.340,0.824,1.404,2.197,3.723
-0.446,0.332,0.824,1.587,2.502,3.235
-0.445,0.327,0.819,1.648,2.686,3.113
-0.442,0.324,0.819,1.953,2.258,3.296
-0.446,0.318,0.828,2.319,1.831,4.028
-0.462,0.329,0.852,1.526,2.136,4.333
-0.478,0.347,0.857,0.305,3.662,4.089
-0.478,0.365,0.861,0.488,5.371,3.723
-0.481,0.377,0.863,0.061,6.714,3.113
-0.484,0.384,0.863,-0.488,7.690,1.892
-0.497,0.398,0.879,-0.061,7.812,2.258
-0.533,0.445,0.920,3.662,7.935,5.432
-0.617,0.525,0.983,10.925,7.446,12.878
-0.721,0.667,1.102,19.531,7.385,21.973
-0.926,0.934,1.268,28.137,11.597,32.288
-1.257,1.325,1.594,39.490,19.348,40.405
-1.729,1.591,2.042,55.237,28.381,45.654
-2.137,1.889,2.591,70.557,47.424,25.696
-2.412,1.936,3.012,71.533,89.050,-6.714
-2.545,1.813,3.076,61.279,153.137,-50.537
-2.573,1.539,3.014,52.551,222.229,-92.651
-2.502,1.292,2.909,46.936,290.405,-127.930
-2.489,1.097,2.756,45.227,358.276,-152.222
-2.438,0.831,2.564,47.668,422.363,-173.767
-2.336,0.619,2.276,46.082,474.731,-190.857
-2.263,0.415,1.961,49.194,515.808,-202.698
-2.185,0.214,1.623,59.326,545.837,-208.801
-2.104,-0.006,1.254,78.064,567.810,-207.458
-2.014,-0.249,0.861,94.543,583.923,-203.918
-1.899,-0.494,0.493,108.459,592.590,-199.951
-1.784,-0.709,0.122,117.310,595.947,-189.575
-1.624,-0.951,-0.221,117.188,594.666,-177.429
-1.419,-1.169,-0.520,98.999,588.501,-168.274
-1.267,-1.393,-0.729,62.500,573.364,-161.987
-1.074,-1.550,-0.903,21.179,550.171,-151.184
-0.863,-1.618,-1.091,-16.174,519.409,-130.005
-0.587,-1.524,-1.288,-41.138,480.835,-95.825
-0.308,-1.307,-1.444,-55.115,437.134,-55.725
-0.026,-1.118,-1.608,-66.528,392.090,-24.048
0.246,-0.990,-1.755,-79.651,344.666,-1.221
0.442,-0.866,-1.798,-93.262,292.419,16.479
0.606,-0.661,-1.803,-114.807,241.333,29.114
0.751,-0.462,-1.732,-135.803,190.979,37.292
0.858,-0.320,-1.580,-145.691,144.409,40.710
0.888,-0.193,-1.433,-145.203,109.802,43.274
0.868,-0.070,-1.324,-136.292,85.144,46.204
0.835,0.014,-1.235,-117.920,65.552,46.631
0.782,0.089,-1.108,-95.581,50.720,43.213
0.739,0.153,-1.003,-74.524,42.725,35.400
0.729,0.218,-0.987,-53.528,41.809,25.330
0.799,0.187,-1.021,-25.940,41.687,19.592
0.915,0.131,-1.047,0.427,38.391,14.282
1.002,0.064,-1.031,15.503,30.029,6.897
1.088,-0.024,-0.947,24.841,16.113,2.930
1.135,-0.082,-0.819,25.818,-1.465,3.052
1.100,-0.090,-0.667,22.583,-18.677,7.080
1.026,-0.071,-0.496,16.907,-33.752,12.146
0.944,-0.030,-0.306,9.338,-43.701,16.052
0.859,0.015,-0.142,0.854,-45.715,16.724
0.795,0.068,-0.042,-4.089,-40.344,17.334
0.777,0.109,-0.005,-7.812,-31.616,16.296
0.810,0.143,-0.039,-11.292,-21.545,13.306
0.889,0.169,-0.117,-12.939,-13.977,10.315
0.971,0.182,-0.184,-12.390,-11.841,7.080
1.036,0.191,-0.210,-10.864,-13.977,4.639
1.074,0.180,-0.191,-9.155,-19.775,3.296
1.070,0.167,-0.126,-7.935,-28.076,3.906
1.029,0.168,-0.025,-5.981,-35.950,5.615
0.983,0.184,0.079,-2.747,-40.527,7.263
0.898,0.145,0.168,2.197,-40.405,6.775
0.881,0.198,0.277,6.042,-36.560,8.179
0.871,0.153,0.312,12.878,-28.992,15.503
0.887,0.185,0.320,6.958,-20.142,-0.244
0.912,0.147,0.289,11.108,-12.451,0.366
0.955,0.138,0.243,14.282,-6.470,-2.930
0.994,0.109,0.187,16.174,-2.625,-5.249
1.016,0.085,0.147,18.311,-1.038,-6.104
1.026,0.057,0.117,18.982,-1.770,-7.141
1.031,0.038,0.102,19.531,-4.333,-7.263
1.028,0.020,0.123,19.897,-8.179,-6.470
1.001,0.012,0.163,18.127,-10.315,-5.676
0.983,-0.002,0.192,15.381,-10.742,-4.883
0.965,-0.010,0.215,11.475,-10.010,-3.845
0.958,-0.013,0.221,6.653,-7.690,-2.747
0.970,-0.012,0.213,1.465,-5.249,-1.770
0.979,0.003,0.198,-4.272,-2.930,-0.732
0.996,0.020,0.173,-7.568,-0.549,0.366
1.006,0.035,0.141,-9.277,0.427,1.587
1.009,0.052,0.122,-9.827,-0.366,3.113
1.001,0.065,0.109,-9.277,-1.465,4.395
0.995,0.076,0.098,-6.958,-2.502,5.432
0.984,0.087,0.089,-4.395,-3.296,6.287
0.969,0.099,0.078,-1.770,-3.662,6.592
0.957,0.105,0.078,0.427,-3.296,5.859
0.953,0.101,0.078,1.526,-1.648,4.333

-0.471,0.381,0.791,3.357,-1.404,2.930
-0.470,0.375,0.794,4.211,0.244,2.869
-0.467,0.373,0.794,3.174,-0.305,2.502
-0.467,0.373,0.793,3.174,0.671,2.258
-0.467,0.372,0.793,3.601,0.854,2.441
-0.464,0.372,0.794,3.601,0.244,2.991
-0.461,0.372,0.791,3.479,0.061,3.174
-0.460,0.371,0.789,3.845,0.427,3.662
-0.460,0.372,0.785,2.625,-0.488,3.601
-0.462,0.375,0.784,2.441,-0.916,3.784
-0.466,0.380,0.786,2.197,-0.977,3.784
-0.468,0.380,0.783,1.099,-1.282,3.479
-0.467,0.379,0.781,2.136,-0.305,3.601
-0.466,0.381,0.777,1.953,-0.122,3.540
-0.464,0.381,0.775,2.808,-0.244,3.723
-0.463,0.380,0.776,3.052,-0.488,3.601
-0.464,0.382,0.779,4.089,-0.366,3.845
-0.463,0.378,0.779,3.967,-1.526,3.601
-0.464,0.381,0.786,5.005,-0.366,3.479
-0.467,0.377,0.787,5.310,-1.099,3.723
-0.470,0.377,0.792,5.798,-0.732,3.479
-0.481,0.379,0.797,5.615,-0.366,2.930
-0.482,0.375,0.788,4.395,-2.319,2.258
-0.472,0.373,0.807,5.066,-2.258,2.258
-0.469,0.375,0.808,4.272,-1.648,2.625
-0.462,0.367,0.790,3.174,0.427,2.686
-0.457,0.367,0.779,3.052,0.610,3.601
-0.460,0.369,0.780,2.808,-0.549,4.578
-0.466,0.374,0.792,4.028,-0.549,5.493
-0.472,0.373,0.802,3.967,-0.488,5.737
-0.480,0.386,0.793,2.441,-0.183,5.554
-0.498,0.419,0.788,1.770,0.793,5.859
-0.522,0.464,0.800,1.160,-0.732,5.920
-0.554,0.516,0.828,1.038,-1.831,5.859
-0.597,0.577,0.878,1.953,-2.869,5.798
-0.670,0.631,0.954,5.981,-2.197,6.287
-0.773,0.700,1.060,11.414,0.732,7.874
-0.938,0.838,1.202,19.714,5.615,13.245
-1.150,1.041,1.373,30.579,12.939,19.531
-1.364,1.241,1.590,47.546,26.550,22.705
-1.644,1.379,1.919,58.594,44.373,19.104
-1.896,1.489,2.159,64.758,74.402,5.798
-2.086,1.475,2.395,74.341,109.070,-8.606
-2.191,1.368,2.562,92.102,152.161,-18.555
-2.314,1.261,2.731,95.581,201.477,-35.583
-2.474,1.145,2.917,92.896,265.259,-55.481
-2.619,1.011,2.984,75.317,337.585,-83.862
-2.757,0.897,3.064,45.227,416.565,-120.300
-2.887,0.646,2.888,8.545,502.380,-167.053
-2.872,0.356,2.495,-23.132,577.087,-207.886
-2.730,0.222,2.020,-43.396,625.916,-231.262
-2.571,0.185,1.585,-50.598,650.635,-245.300
-2.370,0.049,1.143,-51.819,660.278,-262.939
-2.098,-0.128,0.646,-42.297,658.203,-277.100
-1.810,-0.174,0.226,-13.855,648.743,-274.475
-1.653,-0.238,-0.153,31.738,635.559,-257.629
-1.494,-0.456,-0.417,77.454,615.906,-238.708
-1.438,-0.792,-0.607,98.572,588.135,-226.196
-1.343,-1.102,-0.801,97.046,556.885,-214.844
-1.197,-1.387,-0.952,85.205,523.560,-195.068
-0.985,-1.611,-1.073,62.561,488.708,-168.274
-0.689,-1.761,-1.249,24.841,454.346,-138.855
-0.431,-1.784,-1.474,-20.630,417.480,-104.309
-0.211,-1.679,-1.686,-62.073,373.901,-64.270
-0.007,-1.498,-1.869,-99.365,323.669,-25.269
0.214,-1.276,-2.021,-136.169,270.752,7.080
0.478,-1.015,-2.088,-167.114,218.140,34.180
0.686,-0.720,-2.125,-188.232,169.189,56.396
0.804,-0.395,-2.113,-203.369,126.526,68.665
0.812,-0.156,-2.037,-203.491,89.111,71.533
0.766,0.000,-1.882,-181.396,55.725,69.641
0.716,0.100,-1.711,-151.062,29.907,62.378
0.683,0.170,-1.570,-118.469,12.024,52.490
0.698,0.187,-1.447,-83.069,1.282,42.053
0.756,0.113,-1.342,-49.316,-5.798,34.729
0.839,0.074,-1.257,-23.132,-11.414,26.367
0.891,0.027,-1.193,-9.277,-17.578,17.822
0.918,-0.016,-1.092,4.333,-26.123,13.672
0.943,-0.061,-0.943,14.221,-36.194,10.681
0.938,-0.077,-0.808,17.700,-45.593,10.315
0.921,-0.063,-0.696,18.982,-51.758,11.353
0.920,-0.048,-0.588,20.752,-56.885,12.573
0.940,-0.043,-0.479,21.057,-63.171,13.000
0.952,-0.017,-0.364,19.348,-69.275,13.123
0.971,0.000,-0.258,18.494,-72.937,12.939
0.971,0.012,-0.167,17.822,-74.158,12.634
0.973,0.021,-0.082,18.250,-73.608,13.672
0.974,0.019,0.001,19.775,-76.538,18.250
0.953,0.042,0.088,13.123,-81.482,21.179
0.929,0.084,0.152,5.493,-81.482,21.667
0.934,0.114,0.197,-0.183,-79.956,21.729
0.953,0.136,0.216,-3.906,-78.125,22.705
0.959,0.166,0.234,-5.981,-77.393,24.170
0.993,0.328,0.300,-4.944,-77.209,23.132
0.906,0.121,0.287,7.996,-76.355,47.668
0.914,0.300,0.379,9.644,-73.914,34.973
0.856,0.290,0.404,-1.404,-64.941,23.560
0.826,0.311,0.438,6.287,-53.894,22.339
0.826,0.317,0.424,8.240,-40.527,12.390
0.859,0.290,0.360,14.893,-27.771,6.348
0.906,0.259,0.301,22.949,-19.104,2.319
0.948,0.210,0.258,27.832,-14.343,-1.709
0.977,0.175,0.223,30.762,-12.634,-4.333
0.995,0.146,0.193,33.264,-12.817,-5.371
1.001,0.113,0.168,35.278,-14.771,-5.127
1.004,0.082,0.152,36.804,-18.433,-4.456
0.994,0.060,0.183,36.987,-23.254,-3.235
0.963,0.045,0.241,33.936,-26.245,-2.563
0.931,0.028,0.284,29.297,-25.269,-2.441
0.917,0.011,0.310,24.597,-22.522,-1.770
0.915,0.009,0.322,18.738,-19.470,-1.160
0.928,0.012,0.314,13.000,-15.747,-0.549
0.944,0.018,0.287,7.446,-12.939,0.244
0.959,0.035,0.255,3.723,-10.742,1.038
0.974,0.060,0.216,2.502,-10.071,1.831
0.990,0.070,0.178,3.906,-10.620,3.662
0.997,0.074,0.178,5.493,-13.123,5.249
0.984,0.084,0.206,6.409,-15.076,6.226
0.966,0.092,0.226,7.141,-15.076,6.592

-0.432,-0.001,0.902,0.244,-4.761,2.563
-0.437,0.001,0.904,0.854,-2.197,2.197
-0.438,0.007,0.901,-0.793,-3.235,1.831
-0.443,0.010,0.904,0.366,-4.578,1.953
-0.444,0.018,0.911,2.014,-2.258,1.221
-0.443,0.011,0.906,1.709,0.671,0.122
-0.436,0.004,0.901,2.014,1.892,-0.427
-0.425,-0.001,0.896,2.197,3.906,-0.488
-0.419,-0.004,0.895,1.099,2.686,-0.732
-0.418,-0.010,0.891,0.916,1.648,0.122
-0.415,-0.012,0.893,0.671,2.686,0.305
-0.420,-0.011,0.895,-0.732,0.061,0.854
-0.427,-0.003,0.889,0.427,1.709,1.038
-0.425,-0.005,0.891,-1.221,-0.061,0.366
-0.420,-0.006,0.892,-0.366,-0.854,0.854
-0.419,-0.006,0.885,1.404,1.282,1.648
-0.415,-0.007,0.883,3.418,1.587,2.563
-0.417,-0.006,0.890,3.296,0.366,2.930
-0.423,-0.003,0.903,2.380,-1.709,3.113
-0.419,-0.005,0.894,3.784,1.526,3.235
-0.409,-0.007,0.881,3.113,2.136,2.991
-0.403,-0.006,0.873,1.343,-0.916,3.174
-0.408,-0.004,0.876,2.441,-1.587,4.333
-0.415,-0.002,0.889,2.991,-1.526,4.944
-0.424,0.007,0.903,0.916,-4.333,4.822
-0.434,0.011,0.908,1.587,-2.991,4.395
-0.434,0.009,0.897,1.770,0.061,3.418
-0.424,0.008,0.891,-0.549,-1.465,2.625
-0.423,0.009,0.890,0.488,-0.732,2.869
-0.425,0.007,0.893,0.000,-1.465,2.686
-0.424,0.015,0.907,-0.183,-2.197,3.235
-0.439,0.014,0.910,-3.296,-1.465,2.380
-0.450,0.016,0.906,-4.944,-1.831,1.282
-0.456,0.042,0.954,-5.798,-4.822,0.488
-0.507,0.065,0.985,-7.568,-6.897,-0.244
-0.563,0.126,1.046,-15.503,-9.949,-2.319
-0.680,0.239,1.250,-21.179,-14.954,-4.944
-0.890,0.353,1.452,-24.963,-13.184,-10.010
-1.268,0.511,1.751,-29.785,-8.240,-15.625
-1.783,0.679,2.227,-25.146,2.930,-26.001
-2.295,0.763,2.716,-28.687,32.654,-47.668
-2.717,0.765,3.073,-55.847,84.473,-82.581
-2.871,0.828,3.316,-95.764,149.048,-118.652
-2.862,0.804,3.341,-120.972,229.492,-156.006
-2.673,0.727,3.177,-118.164,315.308,-184.387
-2.539,0.690,2.924,-102.478,393.860,-196.594
-2.391,0.490,2.698,-81.970,448.059,-191.101
-2.306,0.447,2.575,-74.890,491.272,-205.811
-2.248,0.271,2.330,-75.684,530.334,-223.389
-2.223,0.054,2.094,-74.402,563.477,-240.845
-2.079,-0.136,1.703,-64.148,594.910,-249.939
-1.946,-0.291,1.186,-39.551,620.483,-239.197
-1.770,-0.320,0.637,1.282,631.042,-214.661
-1.673,-0.279,0.190,48.401,627.563,-190.674
-1.579,-0.285,-0.179,95.703,614.380,-174.683
-1.475,-0.340,-0.494,149.475,599.792,-161.987
-1.459,-0.479,-0.800,203.186,590.454,-141.724
-1.359,-0.893,-1.048,235.107,580.872,-121.399
-1.044,-1.512,-1.362,220.154,565.918,-109.558
-0.745,-2.017,-1.672,150.269,542.480,-95.215
-0.446,-2.244,-1.986,48.706,501.892,-71.228
-0.213,-2.012,-2.289,-56.091,439.697,-29.358
-0.003,-1.697,-2.476,-135.559,361.328,20.813
0.189,-1.222,-2.569,-204.895,278.870,58.533
0.439,-0.799,-2.581,-259.216,203.796,81.543
0.708,-0.341,-2.557,-271.484,137.512,103.394
0.924,0.182,-2.448,-266.479,82.520,108.765
0.939,0.547,-2.234,-264.465,40.710,96.069
0.842,0.665,-1.877,-217.712,8.240,82.031
0.744,0.711,-1.494,-160.767,-13.550,63.416
0.687,0.671,-1.205,-111.694,-21.851,41.992
0.704,0.544,-1.024,-67.505,-20.691,22.888
0.777,0.402,-0.919,-30.945,-18.433,9.094
0.858,0.287,-0.815,-5.859,-20.264,1.221
0.899,0.195,-0.676,8.606,-23.376,-4.517
0.939,0.121,-0.547,16.113,-25.085,-9.338
0.942,0.052,-0.443,21.118,-27.100,-10.315
0.936,0.003,-0.341,25.513,-29.663,-8.301
0.938,-0.025,-0.255,25.818,-33.142,-5.188
0.953,-0.032,-0.191,22.827,-36.865,-1.587
0.973,-0.011,-0.118,17.822,-40.955,1.831
0.993,0.023,-0.023,11.414,-44.434,2.563
0.998,0.049,0.070,4.700,-45.898,1.892
0.976,0.070,0.141,-2.380,-44.434,0.977
0.962,0.097,0.201,-6.287,-40.527,0.305
0.942,0.131,0.254,-3.967,-36.377,1.892
0.926,0.173,0.297,1.770,-31.494,3.662
0.937,0.195,0.311,8.179,-25.024,2.136
0.951,0.189,0.305,13.550,-20.142,0.183
0.961,0.181,0.305,18.250,-16.113,-1.892
0.949,0.183,0.304,21.851,-12.573,-3.906
0.945,0.140,0.274,26.062,-9.155,4.822
0.956,0.175,0.262,34.668,-6.775,5.615
0.957,0.167,0.221,28.137,-4.822,-4.089
0.967,0.133,0.198,33.752,-4.761,-3.418
0.963,0.131,0.205,34.363,-4.944,-6.104
0.956,0.113,0.208,33.997,-3.296,-8.179
0.950,0.092,0.198,34.912,0.305,-10.376
0.959,0.056,0.169,35.706,4.395,-12.390
0.973,0.020,0.135,35.400,6.348,-13.733
0.996,-0.003,0.110,33.813,6.653,-14.465
1.010,-0.034,0.089,30.823,5.310,-13.916
1.025,-0.058,0.073,26.978,2.319,-12.451
1.023,-0.073,0.080,23.743,-1.953,-9.949
1.007,-0.078,0.133,19.897,-6.409,-7.568
0.985,-0.077,0.174,13.367,-7.202,-6.653
0.978,-0.075,0.167,6.165,-5.127,-5.920
0.989,-0.064,0.134,1.160,-3.174,-4.761
1.001,-0.056,0.105,-1.526,-3.113,-3.784
1.013,-0.050,0.088,-3.174,-4.395,-2.502
1.009,-0.037,0.087,-3.723,-6.042,-0.854
1.000,-0.027,0.103,-3.540,-7.751,0.916
1.000,-0.029,0.112,-2.380,-7.507,2.197
0.993,-0.022,0.113,-1.648,-6.714,3.418
0.994,-0.014,0.099,-0.122,-6.165,4.822
0.991,-0.007,0.084,1.526,-6.470,6.226
0.989,0.002,0.076,2.502,-7.263,7.324
0.985,0.015,0.068,3.662,-8.057,7.751
0.980,0.024,0.061,5.554,-9.155,8.057

-0.601,0.188,0.832,0.977,-6.836,4.211
-0.616,0.192,0.862,2.136,-3.052,3.540
-0.613,0.179,0.846,0.610,0.305,2.014
-0.596,0.158,0.822,1.465,5.554,1.038
-0.578,0.149,0.806,0.854,5.432,1.221
-0.568,0.145,0.789,1.465,7.507,2.136
-0.547,0.148,0.797,-0.549,5.554,2.380
-0.550,0.145,0.776,0.488,5.432,3.601
-0.546,0.146,0.774,1.892,4.883,4.089
-0.547,0.148,0.780,0.732,0.000,4.272
-0.557,0.158,0.798,0.671,-1.587,4.761
-0.572,0.164,0.802,0.183,0.000,4.272
-0.586,0.170,0.821,-2.563,-1.648,3.418
-0.600,0.181,0.835,-3.357,-0.488,2.747
-0.602,0.177,0.830,-3.601,4.883,1.648
-0.590,0.177,0.828,-5.188,6.042,0.854
-0.582,0.179,0.814,-4.272,8.789,1.160
-0.575,0.186,0.805,-3.174,7.568,1.892
-0.571,0.187,0.802,-1.221,9.033,2.563
-0.570,0.195,0.801,-2.014,6.531,2.686
-0.581,0.200,0.813,-1.282,5.554,2.869
-0.597,0.213,0.835,-1.709,4.333,2.502
-0.613,0.221,0.837,-2.930,4.822,1.099
-0.625,0.222,0.846,-3.052,6.958,-0.549
-0.629,0.227,0.851,-4.456,5.615,-2.014
-0.632,0.238,0.855,-3.052,8.118,-2.197
-0.641,0.244,0.865,-1.831,10.010,-2.686
-0.650,0.254,0.890,-1.343,9.399,-3.052
-0.666,0.257,0.910,-0.244,13.245,-3.967
-0.679,0.255,0.928,-0.916,14.221,-5.127
-0.696,0.264,0.952,-0.305,20.020,-6.287
-0.731,0.282,0.974,-1.831,23.254,-7.141
-0.773,0.323,1.006,-0.793,28.198,-6.409
-0.839,0.393,1.044,3.418,35.278,-4.578
-0.912,0.478,1.096,9.094,39.429,-1.953
-0.995,0.550,1.184,16.968,43.274,0.305
-1.133,0.587,1.304,28.503,52.612,2.502
-1.322,0.660,1.500,35.950,62.073,3.174
-1.492,0.750,1.667,39.307,79.712,1.038
-1.616,0.805,1.750,41.260,106.873,-7.507
-1.652,0.785,1.786,41.565,134.216,-23.071
-1.664,0.667,1.834,35.400,156.799,-42.114
-1.648,0.589,1.834,29.175,178.162,-63.904
-1.610,0.530,1.745,16.235,199.768,-83.069
-1.599,0.489,1.733,7.935,216.614,-99.365
-1.629,0.441,1.855,2.563,234.253,-114.868
-1.705,0.325,1.942,-1.160,267.822,-131.836
-1.724,0.194,1.956,-8.484,312.073,-149.109
-1.755,0.037,1.880,-18.433,361.694,-163.696
-1.749,-0.107,1.741,-26.917,410.645,-174.133
-1.722,-0.149,1.618,-34.485,454.041,-181.458
-1.732,-0.171,1.463,-42.297,494.690,-188.416
-1.685,-0.226,1.156,-50.354,531.067,-199.280
-1.540,-0.315,0.734,-41.992,553.345,-203.491
-1.301,-0.385,0.310,-15.320,558.960,-193.726
-1.017,-0.397,-0.064,17.029,551.941,-173.218
-0.746,-0.369,-0.371,47.302,535.095,-148.743
-0.480,-0.417,-0.570,68.176,511.169,-131.836
-0.232,-0.547,-0.669,68.481,483.887,-126.587
-0.020,-0.642,-0.732,53.101,458.740,-124.939
0.136,-0.718,-0.826,37.537,437.317,-117.981
0.258,-0.778,-0.941,22.827,414.185,-107.483
0.339,-0.829,-1.012,7.935,383.728,-93.811
0.424,-0.853,-1.084,-9.216,346.375,-77.271
0.518,-0.810,-1.143,-27.222,305.115,-56.824
0.608,-0.747,-1.186,-44.678,261.108,-36.499
0.711,-0.668,-1.195,-63.843,216.125,-20.020
0.832,-0.553,-1.205,-80.688,172.852,-5.249
0.926,-0.425,-1.143,-92.651,134.521,7.751
0.963,-0.278,-1.052,-103.760,103.516,16.724
0.947,-0.160,-0.952,-106.201,81.116,21.606
0.913,-0.049,-0.868,-102.112,64.575,23.376
0.887,0.033,-0.786,-92.896,52.490,22.400
0.876,0.077,-0.739,-81.848,45.593,17.761
0.896,0.097,-0.731,-70.923,41.687,11.963
0.942,0.099,-0.728,-58.594,34.851,7.385
0.974,0.095,-0.702,-45.410,26.123,5.127
0.983,0.090,-0.667,-33.813,17.273,4.028
1.038,0.094,-0.621,-22.766,6.348,4.211
1.059,0.087,-0.570,-13.184,-5.859,4.761
1.055,0.087,-0.493,-6.470,-17.395,6.531
1.026,0.097,-0.370,-1.221,-27.954,8.545
0.987,0.109,-0.256,2.747,-34.546,9.399
0.958,0.111,-0.145,5.737,-37.720,9.216
0.929,0.107,-0.041,5.676,-38.452,7.507
0.914,0.109,0.065,2.808,-36.194,4.822
0.894,0.108,0.136,-0.916,-30.640,2.014
0.912,0.111,0.178,-4.211,-23.865,-0.122
0.943,0.104,0.180,-6.042,-18.372,-0.610
0.975,0.112,0.174,-6.226,-15.930,1.709
0.985,0.137,0.169,-6.348,-14.954,3.845
0.995,0.146,0.161,-5.737,-15.259,4.822
0.996,0.154,0.159,-3.418,-16.663,5.493
0.990,0.161,0.162,-1.099,-18.494,5.737
0.976,0.164,0.186,3.296,-20.386,5.493
0.940,0.170,0.235,9.766,-20.874,8.667
0.917,0.153,0.281,17.212,-18.555,9.583
0.898,0.143,0.296,15.076,-13.306,0.366
0.902,0.099,0.286,18.494,-8.240,-0.549
0.924,0.080,0.264,20.142,-4.211,-2.869
0.953,0.050,0.230,20.203,-1.953,-3.906
0.980,0.036,0.215,20.020,-1.587,-3.662
0.993,0.025,0.206,17.151,-2.686,-4.028
0.998,0.016,0.201,14.404,-4.822,-3.601
0.993,0.013,0.212,12.146,-7.751,-2.625
0.980,0.013,0.240,10.986,-10.315,-1.282
0.967,0.011,0.261,9.766,-10.986,-0.610
0.960,0.006,0.267,8.057,-10.864,0.488
0.956,0.018,0.270,6.958,-10.010,1.648
0.955,0.027,0.270,6.165,-9.094,2.380
0.960,0.030,0.262,5.676,-8.118,3.052
0.969,0.036,0.248,4.700,-7.507,3.418
0.975,0.047,0.238,3.662,-7.263,3.845
0.967,0.058,0.247,3.662,-7.263,3.540
0.954,0.062,0.251,3.662,-6.104,2.747
0.952,0.063,0.243,4.700,-4.578,2.502
0.961,0.057,0.224,5.737,-3.479,2.380
0.968,0.055,0.211,5.981,-3.296,2.441
0.964,0.066,0.215,6.104,-3.723,3.174

0.094,-0.249,0.962,6.226,-5.005,3.784
0.091,-0.252,0.958,5.737,-5.127,3.235
0.090,-0.247,0.965,5.493,-5.249,2.625
0.090,-0.245,0.965,5.127,-5.493,2.563
0.090,-0.252,0.962,5.188,-5.554,2.869
0.087,-0.247,0.965,4.822,-5.249,3.174
0.087,-0.245,0.962,4.089,-4.944,3.357
0.086,-0.247,0.963,4.028,-4.578,3.235
0.083,-0.245,0.966,3.723,-4.211,2.991
0.081,-0.245,0.966,2.930,-3.906,2.319
0.077,-0.249,0.968,2.563,-3.784,1.831
0.072,-0.249,0.970,2.380,-4.028,1.465
0.069,-0.248,0.976,1.770,-3.967,1.282
0.070,-0.250,0.973,1.282,-3.845,1.648
0.074,-0.249,0.969,1.160,-3.662,2.075
0.077,-0.248,0.967,1.770,-3.052,2.441
0.080,-0.245,0.964,2.625,-2.686,2.563
0.080,-0.241,0.961,3.357,-2.625,2.869
0.081,-0.248,0.954,4.456,-2.502,2.930
0.081,-0.255,0.951,5.371,-2.441,2.930
0.079,-0.255,0.951,5.493,-2.563,2.930
0.081,-0.255,0.948,5.432,-2.625,2.686
0.079,-0.256,0.948,5.737,-2.808,2.625
0.075,-0.257,0.953,5.310,-2.869,2.869
0.071,-0.253,0.951,4.395,-3.052,2.869
0.071,-0.255,0.948,4.028,-3.174,2.808
0.071,-0.250,0.950,3.906,-2.930,2.869
0.070,-0.245,0.954,4.578,-2.686,2.747
0.072,-0.247,0.954,5.920,-2.686,3.174
0.072,-0.249,0.956,6.958,-2.930,3.784
0.072,-0.248,0.966,7.446,-3.479,3.845
0.071,-0.241,0.996,7.996,-3.784,3.357
0.064,-0.213,1.071,8.240,-5.249,2.502
0.048,-0.172,1.215,9.460,-8.911,0.732
0.026,-0.132,1.449,11.536,-14.465,-2.319
-0.059,-0.121,1.805,11.353,-22.156,-4.700
-0.176,-0.111,2.235,0.916,-32.654,-6.165
-0.325,0.030,2.681,-27.161,-38.269,-3.601
-0.483,0.160,3.046,-60.181,-26.123,5.737
-0.601,0.248,3.276,-81.726,12.939,13.916
-0.644,0.386,3.378,-97.961,71.167,13.916
-0.601,0.488,3.324,-111.755,129.272,7.202
-0.557,0.449,3.322,-115.601,183.105,-3.967
-0.480,0.225,3.125,-113.342,229.309,-14.221
-0.549,0.045,2.975,-111.084,263.306,-24.658
-0.426,-0.186,2.815,-96.924,288.330,-29.419
-0.313,-0.625,2.366,-69.580,314.148,-26.245
-0.204,-0.890,2.000,-56.152,331.055,-12.390
-0.098,-1.083,1.588,-49.988,345.520,8.728
-0.025,-1.169,1.297,-32.959,362.488,34.851
0.101,-1.348,0.755,-1.099,372.986,59.448
-0.022,-1.506,0.371,13.672,362.793,91.003
-0.141,-1.370,0.039,16.479,345.642,117.981
-0.281,-1.377,-0.603,59.509,343.628,113.831
-0.541,-1.125,-0.979,139.771,330.322,123.901
-0.668,-0.613,-1.169,193.115,297.729,114.075
-0.538,-0.380,-1.487,203.674,302.124,69.641
-0.447,-0.315,-1.557,133.362,328.003,28.076
-0.344,-0.230,-1.330,39.612,326.782,13.367
-0.238,-0.158,-0.993,-27.954,319.519,36.377
-0.162,0.045,-0.657,-81.421,308.716,69.885
-0.108,0.121,-0.539,-101.929,295.715,117.310
0.058,0.073,-0.615,-136.475,290.283,112.305
0.238,0.087,-0.703,-152.588,278.076,127.075
0.475,0.305,-0.624,-174.561,268.799,158.691
0.910,0.569,-0.341,-258.728,219.543,170.288
0.690,0.705,-0.248,-256.226,112.244,206.299
0.880,0.680,-0.215,-210.205,103.088,195.129
0.842,0.700,-0.150,-163.940,102.051,166.992
0.843,0.693,-0.146,-121.033,101.563,152.466
0.852,0.739,-0.106,-63.721,97.656,124.939
0.788,0.677,-0.020,-24.658,84.167,86.548
0.731,0.540,0.041,5.005,79.285,56.335
0.705,0.373,0.032,22.583,77.087,35.461
0.674,0.303,0.065,27.649,69.153,24.170
0.726,0.311,0.026,28.259,61.462,22.339
0.768,0.286,-0.003,27.954,53.955,22.827
0.833,0.302,-0.054,25.269,46.082,19.592
0.871,0.345,-0.111,26.733,43.701,18.555
0.904,0.357,-0.201,33.508,43.762,14.709
0.912,0.357,-0.227,44.128,42.786,11.841
0.910,0.276,-0.249,54.260,40.283,7.935
0.904,0.244,-0.243,55.481,37.720,3.906
0.902,0.239,-0.211,47.852,35.645,-0.183
0.921,0.269,-0.178,37.659,31.616,-3.174
0.931,0.321,-0.140,28.931,25.818,-4.822
0.944,0.352,-0.114,24.841,20.447,-5.127
0.960,0.348,-0.135,24.170,16.113,-4.822
0.967,0.334,-0.150,23.376,11.963,-4.211
0.975,0.328,-0.170,19.958,6.714,-4.944
0.968,0.335,-0.161,13.672,0.854,-7.812
0.960,0.318,-0.124,7.385,-3.540,-11.353
0.959,0.309,-0.098,1.465,-7.141,-13.672
0.964,0.308,-0.089,-3.479,-9.888,-15.686
0.978,0.289,-0.086,-5.127,-11.292,-19.958
0.985,0.272,-0.095,-4.944,-12.207,-24.170
0.996,0.275,-0.108,-4.333,-12.939,-28.503
0.983,0.281,-0.101,-2.869,-13.306,-34.302
0.973,0.276,-0.094,1.160,-12.451,-38.635
0.964,0.250,-0.070,6.714,-13.000,-39.612
0.943,0.214,-0.048,11.536,-14.954,-37.598
0.928,0.196,-0.026,13.245,-18.188,-34.729
0.919,0.191,-0.007,12.817,-20.325,-32.776
0.926,0.173,0.002,11.780,-21.545,-31.372
0.948,0.159,0.001,11.230,-22.278,-29.236
0.968,0.163,0.005,9.949,-22.278,-25.818
0.986,0.158,0.009,8.911,-22.095,-23.254
0.994,0.156,0.011,8.545,-20.142,-21.240
0.992,0.152,0.020,7.935,-18.311,-19.409
0.986,0.140,0.027,7.446,-16.235,-17.700
0.968,0.147,0.030,7.629,-13.733,-14.709
0.952,0.146,0.062,10.376,-11.658,-12.207
0.943,0.124,0.082,15.076,-10.437,-9.766
0.930,0.094,0.096,18.066,-9.155,-7.141
0.929,0.084,0.111,17.456,-9.094,-5.615
0.940,0.070,0.121,14.832,-9.033,-5.371
0.951,0.077,0.134,10.803,-9.155,-5.371
0.964,0.089,0.143,6.897,-8.667,-4.333
0.974,0.100,0.149,3.967,-7.019,-3.052